species,animal_id,N_animals,BW,BW_units,strain,dose,dose_units,time,time_units,conc_mean,conc_sd,standard_error,conc_units,route,matrix,sex,dtxsid,source
rat,-1,5,-1,NA,sprague-dawley,4,mg/kg,1,day,12411.91699,-1,1,ng/ml,iv,plasma,Male,DTXSID7040150,Figure 4C
rat,-1,5,-1,NA,sprague-dawley,4,mg/kg,3,day,10700.00267,979.7461795,1,ng/ml,iv,plasma,Male,DTXSID7040150,Figure 4C
rat,-1,5,-1,NA,sprague-dawley,4,mg/kg,4,day,10065.69118,1612.625995,1,ng/ml,iv,plasma,Male,DTXSID7040150,Figure 4C
rat,-1,5,-1,NA,sprague-dawley,4,mg/kg,9,day,9305.085739,1142.113092,1,ng/ml,iv,plasma,Male,DTXSID7040150,Figure 4C
rat,-1,5,-1,NA,sprague-dawley,4,mg/kg,18,day,7098.798259,925.442191,1,ng/ml,iv,plasma,Male,DTXSID7040150,Figure 4C
rat,-1,5,-1,NA,sprague-dawley,4,mg/kg,24,day,6282.091611,1362.340552,1,ng/ml,iv,plasma,Male,DTXSID7040150,Figure 4C
rat,-1,5,-1,NA,sprague-dawley,4,mg/kg,30,day,5321.8956,1005.998416,1,ng/ml,iv,plasma,Male,DTXSID7040150,Figure 4C
rat,-1,5,-1,NA,sprague-dawley,4,mg/kg,36,day,4587.872863,456.3159074,1,ng/ml,iv,plasma,Male,DTXSID7040150,Figure 4C
rat,-1,5,-1,NA,sprague-dawley,4,mg/kg,43,day,3819.359348,802.0429497,1,ng/ml,iv,plasma,Male,DTXSID7040150,Figure 4C
rat,-1,5,-1,NA,sprague-dawley,4,mg/kg,51,day,3097.385498,496.2326263,1,ng/ml,iv,plasma,Male,DTXSID7040150,Figure 4C
rat,-1,5,-1,NA,sprague-dawley,4,mg/kg,58,day,2578.543175,469.0864705,1,ng/ml,iv,plasma,Male,DTXSID7040150,Figure 4C
rat,-1,5,-1,NA,sprague-dawley,4,mg/kg,65,day,2222.897469,404.3876938,1,ng/ml,iv,plasma,Male,DTXSID7040150,Figure 4C
rat,-1,5,-1,NA,sprague-dawley,4,mg/kg,72,day,1818.509775,330.8218145,1,ng/ml,iv,plasma,Male,DTXSID7040150,Figure 4C
rat,-1,5,-1,NA,sprague-dawley,4,mg/kg,0.5,hour,14148.51633,-1,1,ng/ml,iv,plasma,Female,DTXSID7040150,Figure 4C
rat,-1,5,-1,NA,sprague-dawley,4,mg/kg,1,hour,11985.96446,-1,1,ng/ml,iv,plasma,Female,DTXSID7040150,Figure 4C
rat,-1,5,-1,NA,sprague-dawley,4,mg/kg,2,hour,10606.99629,-1,1,ng/ml,iv,plasma,Female,DTXSID7040150,Figure 4C
rat,-1,5,-1,NA,sprague-dawley,4,mg/kg,4,hour,9386.676449,-1,1,ng/ml,iv,plasma,Female,DTXSID7040150,Figure 4C
rat,-1,5,-1,NA,sprague-dawley,4,mg/kg,6,hour,8234.548853,-1,1,ng/ml,iv,plasma,Female,DTXSID7040150,Figure 4C
rat,-1,5,-1,NA,sprague-dawley,4,mg/kg,12,hour,7037.094205,-1,1,ng/ml,iv,plasma,Female,DTXSID7040150,Figure 4C
rat,-1,5,-1,NA,sprague-dawley,4,mg/kg,24,hour,5368.560107,740.4589419,1,ng/ml,iv,plasma,Female,DTXSID7040150,Figure 4C
rat,-1,5,-1,NA,sprague-dawley,4,mg/kg,2,day,2965.090236,453.2038044,1,ng/ml,iv,plasma,Female,DTXSID7040150,Figure 4C
rat,-1,5,-1,NA,sprague-dawley,4,mg/kg,3,day,1818.509775,381.8763334,1,ng/ml,iv,plasma,Female,DTXSID7040150,Figure 4C
rat,-1,5,-1,NA,sprague-dawley,4,mg/kg,5,day,807.4376658,299.0896445,1,ng/ml,iv,plasma,Female,DTXSID7040150,Figure 4C
rat,-1,5,-1,NA,sprague-dawley,4,mg/kg,7,day,268.7719154,99.55802165,1,ng/ml,iv,plasma,Female,DTXSID7040150,Figure 4C
rat,-1,5,-1,NA,sprague-dawley,4,mg/kg,10,day,54.87019365,20.02201417,1,ng/ml,iv,plasma,Female,DTXSID7040150,Figure 4C
rat,-1,5,-1,NA,sprague-dawley,4,mg/kg,14,day,10.72338142,3.853221842,1,ng/ml,iv,plasma,Female,DTXSID7040150,Figure 4C
rat,-1,5,-1,NA,sprague-dawley,4,mg/kg,1,day,10370.0607,-1,1,ng/ml,gavage,plasma,Male,DTXSID7040150,Figure 5C
rat,-1,5,-1,NA,sprague-dawley,4,mg/kg,3,day,13071.18061,-1,1,ng/ml,gavage,plasma,Male,DTXSID7040150,Figure 5C
rat,-1,5,-1,NA,sprague-dawley,4,mg/kg,4,day,13642.26906,-1,1,ng/ml,gavage,plasma,Male,DTXSID7040150,Figure 5C
rat,-1,5,-1,NA,sprague-dawley,4,mg/kg,9,day,11190.19729,1095.266311,1,ng/ml,gavage,plasma,Male,DTXSID7040150,Figure 5C
rat,-1,5,-1,NA,sprague-dawley,4,mg/kg,18,day,9575.842164,1156.871579,1,ng/ml,gavage,plasma,Male,DTXSID7040150,Figure 5C
rat,-1,5,-1,NA,sprague-dawley,4,mg/kg,24,day,8268.571267,-1,1,ng/ml,gavage,plasma,Male,DTXSID7040150,Figure 5C
rat,-1,5,-1,NA,sprague-dawley,4,mg/kg,30,day,6781.31741,2407.994567,1,ng/ml,gavage,plasma,Male,DTXSID7040150,Figure 5C
rat,-1,5,-1,NA,sprague-dawley,4,mg/kg,36,day,5855.548299,1633.186515,1,ng/ml,gavage,plasma,Male,DTXSID7040150,Figure 5C
rat,-1,5,-1,NA,sprague-dawley,4,mg/kg,43,day,4843.087368,1372.491793,1,ng/ml,gavage,plasma,Male,DTXSID7040150,Figure 5C
rat,-1,5,-1,NA,sprague-dawley,4,mg/kg,51,day,3970.833163,1527.225286,1,ng/ml,gavage,plasma,Male,DTXSID7040150,Figure 5C
rat,-1,5,-1,NA,sprague-dawley,4,mg/kg,58,day,3228.33016,1251.761665,1,ng/ml,gavage,plasma,Male,DTXSID7040150,Figure 5C
rat,-1,5,-1,NA,sprague-dawley,4,mg/kg,65,day,2763.38529,798.7935122,1,ng/ml,gavage,plasma,Male,DTXSID7040150,Figure 5C
rat,-1,5,-1,NA,sprague-dawley,4,mg/kg,72,day,2305.267577,788.145809,1,ng/ml,gavage,plasma,Male,DTXSID7040150,Figure 5C
rat,-1,5,-1,NA,sprague-dawley,4,mg/kg,0.5,hour,15568.75385,-1,1,ng/ml,gavage,plasma,Female,DTXSID7040150,Figure 5C
rat,-1,5,-1,NA,sprague-dawley,4,mg/kg,1,hour,14213.51539,-1,1,ng/ml,gavage,plasma,Female,DTXSID7040150,Figure 5C
rat,-1,5,-1,NA,sprague-dawley,4,mg/kg,2,hour,13192.85996,-1,1,ng/ml,gavage,plasma,Female,DTXSID7040150,Figure 5C
rat,-1,5,-1,NA,sprague-dawley,4,mg/kg,4,hour,12502.92513,-1,1,ng/ml,gavage,plasma,Female,DTXSID7040150,Figure 5C
rat,-1,5,-1,NA,sprague-dawley,4,mg/kg,6,hour,12078.41595,-1,1,ng/ml,gavage,plasma,Female,DTXSID7040150,Figure 5C
rat,-1,5,-1,NA,sprague-dawley,4,mg/kg,12,hour,11278.61405,-1,1,ng/ml,gavage,plasma,Female,DTXSID7040150,Figure 5C
rat,-1,5,-1,NA,sprague-dawley,4,mg/kg,24,hour,8505.860558,920.4390195,1,ng/ml,gavage,plasma,Female,DTXSID7040150,Figure 5C
rat,-1,5,-1,NA,sprague-dawley,4,mg/kg,2,day,5438.751359,949.2110816,1,ng/ml,gavage,plasma,Female,DTXSID7040150,Figure 5C
rat,-1,5,-1,NA,sprague-dawley,4,mg/kg,3,day,3420.481141,991.2370709,1,ng/ml,gavage,plasma,Female,DTXSID7040150,Figure 5C
rat,-1,5,-1,NA,sprague-dawley,4,mg/kg,5,day,1698.78924,721.9188666,1,ng/ml,gavage,plasma,Female,DTXSID7040150,Figure 5C
rat,-1,5,-1,NA,sprague-dawley,4,mg/kg,7,day,786.3654437,422.251754,1,ng/ml,gavage,plasma,Female,DTXSID7040150,Figure 5C
rat,-1,5,-1,NA,sprague-dawley,4,mg/kg,10,day,254.9462324,175.7180536,1,ng/ml,gavage,plasma,Female,DTXSID7040150,Figure 5C
rat,-1,5,-1,NA,sprague-dawley,4,mg/kg,14,day,38.10820945,25.42847096,1,ng/ml,gavage,plasma,Female,DTXSID7040150,Figure 5C
rat,-1,5,-1,NA,sprague-dawley,4,mg/kg,72,day,104.6092184,17.23446894,1,ng/g,iv,heart,Male,DTXSID7040150,Figure 6C
rat,-1,5,-1,NA,sprague-dawley,4,mg/kg,72,day,97.39478958,3.607214429,1,ng/g,iv,lung,Male,DTXSID7040150,Figure 6C
rat,-1,5,-1,NA,sprague-dawley,4,mg/kg,72,day,192.3847695,35.27054108,1,ng/g,iv,kidney,Male,DTXSID7040150,Figure 6C
rat,-1,5,-1,NA,sprague-dawley,4,mg/kg,72,day,264.5290581,29.65931864,1,ng/g,iv,liver,Male,DTXSID7040150,Figure 6C
rat,-1,5,-1,NA,sprague-dawley,4,mg/kg,72,day,57.71543086,4.809619238,1,ng/g,iv,spleen,Male,DTXSID7040150,Figure 6C
rat,-1,5,-1,NA,sprague-dawley,4,mg/kg,72,day,94.58917836,14.82965932,1,ng/g,gavage,heart,Male,DTXSID7040150,Figure 6C
rat,-1,5,-1,NA,sprague-dawley,4,mg/kg,72,day,88.17635271,5.611222445,1,ng/g,gavage,lung,Male,DTXSID7040150,Figure 6C
rat,-1,5,-1,NA,sprague-dawley,4,mg/kg,72,day,163.9278557,35.67134269,1,ng/g,gavage,kidney,Male,DTXSID7040150,Figure 6C
rat,-1,5,-1,NA,sprague-dawley,4,mg/kg,72,day,224.8496994,64.52905812,1,ng/g,gavage,liver,Male,DTXSID7040150,Figure 6C
rat,-1,5,-1,NA,sprague-dawley,4,mg/kg,72,day,49.6993988,2.404809619,1,ng/g,gavage,spleen,Male,DTXSID7040150,Figure 6C
rat,-1,5,-1,NA,sprague-dawley,4,mg/kg,14,day,108.2164329,8.817635271,1,ng/g,iv,heart,Female,DTXSID7040150,Figure 6C
rat,-1,5,-1,NA,sprague-dawley,4,mg/kg,14,day,99.3987976,40.08016032,1,ng/g,iv,lung,Female,DTXSID7040150,Figure 6C
rat,-1,5,-1,NA,sprague-dawley,4,mg/kg,14,day,197.5951904,60.92184369,1,ng/g,iv,kidney,Female,DTXSID7040150,Figure 6C
rat,-1,5,-1,NA,sprague-dawley,4,mg/kg,14,day,272.1442886,84.96993988,1,ng/g,iv,liver,Female,DTXSID7040150,Figure 6C
rat,-1,5,-1,NA,sprague-dawley,4,mg/kg,14,day,69.33867735,10.82164329,1,ng/g,iv,spleen,Female,DTXSID7040150,Figure 6C
rat,-1,5,-1,NA,sprague-dawley,4,mg/kg,14,day,101.002004,2.004008016,1,ng/g,gavage,heart,Female,DTXSID7040150,Figure 6C
rat,-1,5,-1,NA,sprague-dawley,4,mg/kg,14,day,110.2204409,2.004008016,1,ng/g,gavage,lung,Female,DTXSID7040150,Figure 6C
rat,-1,5,-1,NA,sprague-dawley,4,mg/kg,14,day,165.9318637,2.805611222,1,ng/g,gavage,kidney,Female,DTXSID7040150,Figure 6C
rat,-1,5,-1,NA,sprague-dawley,4,mg/kg,14,day,267.7354709,15.23046092,1,ng/g,gavage,liver,Female,DTXSID7040150,Figure 6C
rat,-1,5,-1,NA,sprague-dawley,4,mg/kg,14,day,80.56112224,4.008016032,1,ng/g,gavage,spleen,Female,DTXSID7040150,Figure 6C
rat,-1,5,-1,NA,sprague-dawley,1,mg/kg,0.25,day,5102.608026,563.0029826,1,ng/ml,iv,plasma,Male,DTXSID8031865,Figure 4A
rat,-1,5,-1,NA,sprague-dawley,1,mg/kg,0.5,day,3840.745978,619.4161876,1,ng/ml,iv,plasma,Male,DTXSID8031865,Figure 4A
rat,-1,5,-1,NA,sprague-dawley,1,mg/kg,1,day,2242.070945,361.5899216,1,ng/ml,iv,plasma,Male,DTXSID8031865,Figure 4A
rat,-1,5,-1,NA,sprague-dawley,1,mg/kg,2,day,2049.690611,366.4203922,1,ng/ml,iv,plasma,Male,DTXSID8031865,Figure 4A
rat,-1,5,-1,NA,sprague-dawley,1,mg/kg,4,day,1497.354649,241.4858242,1,ng/ml,iv,plasma,Male,DTXSID8031865,Figure 4A
rat,-1,5,-1,NA,sprague-dawley,1,mg/kg,6,day,1308.829626,188.525023,1,ng/ml,iv,plasma,Male,DTXSID8031865,Figure 4A
rat,-1,5,-1,NA,sprague-dawley,1,mg/kg,8,day,1110.336318,179.069455,1,ng/ml,iv,plasma,Male,DTXSID8031865,Figure 4A
rat,-1,5,-1,NA,sprague-dawley,1,mg/kg,10,day,566.5611008,111.3438899,1,ng/ml,iv,plasma,Male,DTXSID8031865,Figure 4A
rat,-1,5,-1,NA,sprague-dawley,1,mg/kg,12,day,459.5551764,90.31446189,1,ng/ml,iv,plasma,Male,DTXSID8031865,Figure 4A
rat,-1,5,-1,NA,sprague-dawley,1,mg/kg,0.17,hour,-1,-1,1,ng/ml,iv,plasma,Female,DTXSID8031865,Figure 4A
rat,-1,5,-1,NA,sprague-dawley,1,mg/kg,0.33,hour,5417.092279,1888.179264,1,ng/ml,iv,plasma,Female,DTXSID8031865,Figure 4A
rat,-1,5,-1,NA,sprague-dawley,1,mg/kg,0.5,hour,-1,-1,1,ng/ml,iv,plasma,Female,DTXSID8031865,Figure 4A
rat,-1,5,-1,NA,sprague-dawley,1,mg/kg,0.75,hour,4664.780026,1720.718444,1,ng/ml,iv,plasma,Female,DTXSID8031865,Figure 4A
rat,-1,5,-1,NA,sprague-dawley,1,mg/kg,1,hour,4016.947021,935.3330163,1,ng/ml,iv,plasma,Female,DTXSID8031865,Figure 4A
rat,-1,5,-1,NA,sprague-dawley,1,mg/kg,2,hour,3511.191734,882.7788265,1,ng/ml,iv,plasma,Female,DTXSID8031865,Figure 4A
rat,-1,5,-1,NA,sprague-dawley,1,mg/kg,4,hour,3115.347476,841.9855312,1,ng/ml,iv,plasma,Female,DTXSID8031865,Figure 4A
rat,-1,5,-1,NA,sprague-dawley,1,mg/kg,6,hour,2764.129854,799.9551375,1,ng/ml,iv,plasma,Female,DTXSID8031865,Figure 4A
rat,-1,5,-1,NA,sprague-dawley,1,mg/kg,8,hour,2344.929931,419.1999225,1,ng/ml,iv,plasma,Female,DTXSID8031865,Figure 4A
rat,-1,5,-1,NA,sprague-dawley,1,mg/kg,12,hour,956.135582,258.4149384,1,ng/ml,iv,plasma,Female,DTXSID8031865,Figure 4A
rat,-1,5,-1,NA,sprague-dawley,1,mg/kg,24,hour,127.0270183,36.76235244,1,ng/ml,iv,plasma,Female,DTXSID8031865,Figure 4A
rat,-1,5,-1,NA,sprague-dawley,1,mg/kg,0.25,day,5309.66823,739.1587059,1,ng/ml,gavage,plasma,Male,DTXSID8031865,Figure 5A
rat,-1,5,-1,NA,sprague-dawley,1,mg/kg,0.5,day,8942.984536,1244.952526,1,ng/ml,gavage,plasma,Male,DTXSID8031865,Figure 5A
rat,-1,5,-1,NA,sprague-dawley,1,mg/kg,1,day,7423.692015,724.3115989,1,ng/ml,gavage,plasma,Male,DTXSID8031865,Figure 5A
rat,-1,5,-1,NA,sprague-dawley,1,mg/kg,2,day,4246.511896,774.7008821,1,ng/ml,gavage,plasma,Male,DTXSID8031865,Figure 5A
rat,-1,5,-1,NA,sprague-dawley,1,mg/kg,4,day,1906.880379,477.4063995,1,ng/ml,gavage,plasma,Male,DTXSID8031865,Figure 5A
rat,-1,5,-1,NA,sprague-dawley,1,mg/kg,6,day,957.4852126,239.7159113,1,ng/ml,gavage,plasma,Male,DTXSID8031865,Figure 5A
rat,-1,5,-1,NA,sprague-dawley,1,mg/kg,8,day,537.5987138,134.5931654,1,ng/ml,gavage,plasma,Male,DTXSID8031865,Figure 5A
rat,-1,5,-1,NA,sprague-dawley,1,mg/kg,10,day,241.4067038,77.77877618,1,ng/ml,gavage,plasma,Male,DTXSID8031865,Figure 5A
rat,-1,5,-1,NA,sprague-dawley,1,mg/kg,12,day,110.4400729,32.88898023,1,ng/ml,gavage,plasma,Male,DTXSID8031865,Figure 5A
rat,-1,5,-1,NA,sprague-dawley,1,mg/kg,0.17,hour,-1,-1,1,ng/ml,gavage,plasma,Female,DTXSID8031865,Figure 5A
rat,-1,5,-1,NA,sprague-dawley,1,mg/kg,0.33,hour,-1,-1,1,ng/ml,gavage,plasma,Female,DTXSID8031865,Figure 5A
rat,-1,5,-1,NA,sprague-dawley,1,mg/kg,0.5,hour,1673.862102,96.15897022,1,ng/ml,gavage,plasma,Female,DTXSID8031865,Figure 5A
rat,-1,5,-1,NA,sprague-dawley,1,mg/kg,0.75,hour,3094.325795,525.6842411,1,ng/ml,gavage,plasma,Female,DTXSID8031865,Figure 5A
rat,-1,5,-1,NA,sprague-dawley,1,mg/kg,1,hour,3658.83073,67.49451773,1,ng/ml,gavage,plasma,Female,DTXSID8031865,Figure 5A
rat,-1,5,-1,NA,sprague-dawley,1,mg/kg,2,hour,4168.176413,158.14318,1,ng/ml,gavage,plasma,Female,DTXSID8031865,Figure 5A
rat,-1,5,-1,NA,sprague-dawley,1,mg/kg,4,hour,4326.319593,334.5141546,1,ng/ml,gavage,plasma,Female,DTXSID8031865,Figure 5A
rat,-1,5,-1,NA,sprague-dawley,1,mg/kg,6,hour,3869.020922,621.4419008,1,ng/ml,gavage,plasma,Female,DTXSID8031865,Figure 5A
rat,-1,5,-1,NA,sprague-dawley,1,mg/kg,8,hour,2254.75693,461.4463174,1,ng/ml,gavage,plasma,Female,DTXSID8031865,Figure 5A
rat,-1,5,-1,NA,sprague-dawley,1,mg/kg,12,hour,737.7760083,256.036783,1,ng/ml,gavage,plasma,Female,DTXSID8031865,Figure 5A
rat,-1,5,-1,NA,sprague-dawley,1,mg/kg,24,hour,66.80328878,19.89397495,1,ng/ml,gavage,plasma,Female,DTXSID8031865,Figure 5A
rat,-1,5,-1,NA,sprague-dawley,2,mg/kg,0.25,hour,-1,-1,1,ng/ml,iv,plasma,Male,DTXSID3031864,Figure 4B
rat,-1,5,-1,NA,sprague-dawley,2,mg/kg,0.5,hour,-1,-1,1,ng/ml,iv,plasma,Male,DTXSID3031864,Figure 4B
rat,-1,5,-1,NA,sprague-dawley,2,mg/kg,1,hour,-1,-1,1,ng/ml,iv,plasma,Male,DTXSID3031864,Figure 4B
rat,-1,5,-1,NA,sprague-dawley,2,mg/kg,2,hour,-1,-1,1,ng/ml,iv,plasma,Male,DTXSID3031864,Figure 4B
rat,-1,5,-1,NA,sprague-dawley,2,mg/kg,4,hour,-1,-1,1,ng/ml,iv,plasma,Male,DTXSID3031864,Figure 4B
rat,-1,5,-1,NA,sprague-dawley,2,mg/kg,6,hour,-1,-1,1,ng/ml,iv,plasma,Male,DTXSID3031864,Figure 4B
rat,-1,5,-1,NA,sprague-dawley,2,mg/kg,8,hour,-1,-1,1,ng/ml,iv,plasma,Male,DTXSID3031864,Figure 4B
rat,-1,5,-1,NA,sprague-dawley,2,mg/kg,12,hour,5258.582884,188.6894606,1,ng/ml,iv,plasma,Male,DTXSID3031864,Figure 4B
rat,-1,5,-1,NA,sprague-dawley,2,mg/kg,18,hour,-1,-1,1,ng/ml,iv,plasma,Male,DTXSID3031864,Figure 4B
rat,-1,5,-1,NA,sprague-dawley,2,mg/kg,24,hour,4866.017307,247.1174059,1,ng/ml,iv,plasma,Male,DTXSID3031864,Figure 4B
rat,-1,5,-1,NA,sprague-dawley,2,mg/kg,3,day,3722.014503,358.1376202,1,ng/ml,iv,plasma,Male,DTXSID3031864,Figure 4B
rat,-1,5,-1,NA,sprague-dawley,2,mg/kg,7,day,3831.317144,82.41935765,1,ng/ml,iv,plasma,Male,DTXSID3031864,Figure 4B
rat,-1,5,-1,NA,sprague-dawley,2,mg/kg,14,day,2528.770279,189.0357341,1,ng/ml,iv,plasma,Male,DTXSID3031864,Figure 4B
rat,-1,5,-1,NA,sprague-dawley,2,mg/kg,21,day,2478.782969,125.6789133,1,ng/ml,iv,plasma,Male,DTXSID3031864,Figure 4B
rat,-1,5,-1,NA,sprague-dawley,2,mg/kg,28,day,2185.588339,176.5816969,1,ng/ml,iv,plasma,Male,DTXSID3031864,Figure 4B
rat,-1,5,-1,NA,sprague-dawley,2,mg/kg,35,day,2068.011935,74.33929536,1,ng/ml,iv,plasma,Male,DTXSID3031864,Figure 4B
rat,-1,5,-1,NA,sprague-dawley,2,mg/kg,42,day,1675.196542,189.5420595,1,ng/ml,iv,plasma,Male,DTXSID3031864,Figure 4B
rat,-1,5,-1,NA,sprague-dawley,2,mg/kg,49,day,1508.660056,142.0670164,1,ng/ml,iv,plasma,Male,DTXSID3031864,Figure 4B
rat,-1,5,-1,NA,sprague-dawley,2,mg/kg,56,day,1468.429127,42.22136562,1,ng/ml,iv,plasma,Male,DTXSID3031864,Figure 4B
rat,-1,5,-1,NA,sprague-dawley,2,mg/kg,63,day,1132.139254,54.59781692,1,ng/ml,iv,plasma,Male,DTXSID3031864,Figure 4B
rat,-1,5,-1,NA,sprague-dawley,2,mg/kg,70,day,1141.542968,49.43640192,1,ng/ml,iv,plasma,Male,DTXSID3031864,Figure 4B
rat,-1,5,-1,NA,sprague-dawley,2,mg/kg,0.25,hour,-1,-1,1,ng/ml,iv,plasma,Female,DTXSID3031864,Figure 4B
rat,-1,5,-1,NA,sprague-dawley,2,mg/kg,0.5,hour,-1,-1,1,ng/ml,iv,plasma,Female,DTXSID3031864,Figure 4B
rat,-1,5,-1,NA,sprague-dawley,2,mg/kg,1,hour,-1,-1,1,ng/ml,iv,plasma,Female,DTXSID3031864,Figure 4B
rat,-1,5,-1,NA,sprague-dawley,2,mg/kg,2,hour,-1,-1,1,ng/ml,iv,plasma,Female,DTXSID3031864,Figure 4B
rat,-1,5,-1,NA,sprague-dawley,2,mg/kg,4,hour,-1,-1,1,ng/ml,iv,plasma,Female,DTXSID3031864,Figure 4B
rat,-1,5,-1,NA,sprague-dawley,2,mg/kg,6,hour,-1,-1,1,ng/ml,iv,plasma,Female,DTXSID3031864,Figure 4B
rat,-1,5,-1,NA,sprague-dawley,2,mg/kg,8,hour,-1,-1,1,ng/ml,iv,plasma,Female,DTXSID3031864,Figure 4B
rat,-1,5,-1,NA,sprague-dawley,2,mg/kg,12,hour,5258.582884,424.8601954,1,ng/ml,iv,plasma,Female,DTXSID3031864,Figure 4B
rat,-1,5,-1,NA,sprague-dawley,2,mg/kg,18,hour,-1,-1,1,ng/ml,iv,plasma,Female,DTXSID3031864,Figure 4B
rat,-1,5,-1,NA,sprague-dawley,2,mg/kg,24,hour,4831.768551,173.8458177,1,ng/ml,iv,plasma,Female,DTXSID3031864,Figure 4B
rat,-1,5,-1,NA,sprague-dawley,2,mg/kg,3,day,3722.014503,467.4847881,1,ng/ml,iv,plasma,Female,DTXSID3031864,Figure 4B
rat,-1,5,-1,NA,sprague-dawley,2,mg/kg,7,day,3211.145179,218.939156,1,ng/ml,iv,plasma,Female,DTXSID3031864,Figure 4B
rat,-1,5,-1,NA,sprague-dawley,2,mg/kg,14,day,2933.103814,350.931801,1,ng/ml,iv,plasma,Female,DTXSID3031864,Figure 4B
rat,-1,5,-1,NA,sprague-dawley,2,mg/kg,21,day,2392.731981,209.9205971,1,ng/ml,iv,plasma,Female,DTXSID3031864,Figure 4B
rat,-1,5,-1,NA,sprague-dawley,2,mg/kg,28,day,2280.131479,346.0046637,1,ng/ml,iv,plasma,Female,DTXSID3031864,Figure 4B
rat,-1,5,-1,NA,sprague-dawley,2,mg/kg,35,day,1982.201872,316.9408852,1,ng/ml,iv,plasma,Female,DTXSID3031864,Figure 4B
rat,-1,5,-1,NA,sprague-dawley,2,mg/kg,42,day,1605.635551,315.7223979,1,ng/ml,iv,plasma,Female,DTXSID3031864,Figure 4B
rat,-1,5,-1,NA,sprague-dawley,2,mg/kg,49,day,1585.10217,152.4390043,1,ng/ml,iv,plasma,Female,DTXSID3031864,Figure 4B
rat,-1,5,-1,NA,sprague-dawley,2,mg/kg,56,day,1239.440087,193.2308834,1,ng/ml,iv,plasma,Female,DTXSID3031864,Figure 4B
rat,-1,5,-1,NA,sprague-dawley,2,mg/kg,63,day,1294.740854,65.56036445,1,ng/ml,iv,plasma,Female,DTXSID3031864,Figure 4B
rat,-1,5,-1,NA,sprague-dawley,2,mg/kg,70,day,991.1553588,136.6325148,1,ng/ml,iv,plasma,Female,DTXSID3031864,Figure 4B
rat,-1,5,-1,NA,sprague-dawley,2,mg/kg,0.25,hour,-1,-1,1,ng/ml,gavage,plasma,Male,DTXSID3031864,Figure 5B
rat,-1,5,-1,NA,sprague-dawley,2,mg/kg,0.5,hour,-1,-1,1,ng/ml,gavage,plasma,Male,DTXSID3031864,Figure 5B
rat,-1,5,-1,NA,sprague-dawley,2,mg/kg,1,hour,316.2380921,61.05973508,1,ng/ml,gavage,plasma,Male,DTXSID3031864,Figure 5B
rat,-1,5,-1,NA,sprague-dawley,2,mg/kg,2,hour,684.6297752,315.5008468,1,ng/ml,gavage,plasma,Male,DTXSID3031864,Figure 5B
rat,-1,5,-1,NA,sprague-dawley,2,mg/kg,4,hour,1697.651514,644.2881347,1,ng/ml,gavage,plasma,Male,DTXSID3031864,Figure 5B
rat,-1,5,-1,NA,sprague-dawley,2,mg/kg,8,hour,4005.115173,1163.834769,1,ng/ml,gavage,plasma,Male,DTXSID3031864,Figure 5B
rat,-1,5,-1,NA,sprague-dawley,2,mg/kg,12,hour,5767.348995,435.9383462,1,ng/ml,gavage,plasma,Male,DTXSID3031864,Figure 5B
rat,-1,5,-1,NA,sprague-dawley,2,mg/kg,18,hour,-1,-1,1,ng/ml,gavage,plasma,Male,DTXSID3031864,Figure 5B
rat,-1,5,-1,NA,sprague-dawley,2,mg/kg,24,hour,6704.926321,447.5851432,1,ng/ml,gavage,plasma,Male,DTXSID3031864,Figure 5B
rat,-1,5,-1,NA,sprague-dawley,2,mg/kg,7,day,3747.014768,308.5819575,1,ng/ml,gavage,plasma,Male,DTXSID3031864,Figure 5B
rat,-1,5,-1,NA,sprague-dawley,2,mg/kg,14,day,2729.514636,151.9376832,1,ng/ml,gavage,plasma,Male,DTXSID3031864,Figure 5B
rat,-1,5,-1,NA,sprague-dawley,2,mg/kg,21,day,3053.49896,189.5839703,1,ng/ml,gavage,plasma,Male,DTXSID3031864,Figure 5B
rat,-1,5,-1,NA,sprague-dawley,2,mg/kg,28,day,2585.416342,229.6711611,1,ng/ml,gavage,plasma,Male,DTXSID3031864,Figure 5B
rat,-1,5,-1,NA,sprague-dawley,2,mg/kg,35,day,2172.779788,135.43464,1,ng/ml,gavage,plasma,Male,DTXSID3031864,Figure 5B
rat,-1,5,-1,NA,sprague-dawley,2,mg/kg,42,day,1920.108499,170.6838983,1,ng/ml,gavage,plasma,Male,DTXSID3031864,Figure 5B
rat,-1,5,-1,NA,sprague-dawley,2,mg/kg,49,day,1822.605216,120.7787939,1,ng/ml,gavage,plasma,Male,DTXSID3031864,Figure 5B
rat,-1,5,-1,NA,sprague-dawley,2,mg/kg,56,day,1610.550339,82.56166268,1,ng/ml,gavage,plasma,Male,DTXSID3031864,Figure 5B
rat,-1,5,-1,NA,sprague-dawley,2,mg/kg,63,day,1517.674858,66.22500557,1,ng/ml,gavage,plasma,Male,DTXSID3031864,Figure 5B
rat,-1,5,-1,NA,sprague-dawley,2,mg/kg,70,day,1615.02669,132.2855768,1,ng/ml,gavage,plasma,Male,DTXSID3031864,Figure 5B
rat,-1,5,-1,NA,sprague-dawley,2,mg/kg,0.25,hour,349.560247,46.58407462,1,ng/ml,gavage,plasma,Female,DTXSID3031864,Figure 5B
rat,-1,5,-1,NA,sprague-dawley,2,mg/kg,0.5,hour,735.3332466,37.64491531,1,ng/ml,gavage,plasma,Female,DTXSID3031864,Figure 5B
rat,-1,5,-1,NA,sprague-dawley,2,mg/kg,1,hour,1734.465155,128.4539581,1,ng/ml,gavage,plasma,Female,DTXSID3031864,Figure 5B
rat,-1,5,-1,NA,sprague-dawley,2,mg/kg,2,hour,4033.068519,659.8042078,1,ng/ml,gavage,plasma,Female,DTXSID3031864,Figure 5B
rat,-1,5,-1,NA,sprague-dawley,2,mg/kg,4,hour,5686.193058,355.1305742,1,ng/ml,gavage,plasma,Female,DTXSID3031864,Figure 5B
rat,-1,5,-1,NA,sprague-dawley,2,mg/kg,8,hour,6284.528968,0.410408708,1,ng/ml,gavage,plasma,Female,DTXSID3031864,Figure 5B
rat,-1,5,-1,NA,sprague-dawley,2,mg/kg,12,hour,7149.242461,476.7472756,1,ng/ml,gavage,plasma,Female,DTXSID3031864,Figure 5B
rat,-1,5,-1,NA,sprague-dawley,2,mg/kg,18,hour,-1,-1,1,ng/ml,gavage,plasma,Female,DTXSID3031864,Figure 5B
rat,-1,5,-1,NA,sprague-dawley,2,mg/kg,24,hour,6658.889087,341.8118946,1,ng/ml,gavage,plasma,Female,DTXSID3031864,Figure 5B
rat,-1,5,-1,NA,sprague-dawley,2,mg/kg,7,day,4609.919548,596.2491539,1,ng/ml,gavage,plasma,Female,DTXSID3031864,Figure 5B
rat,-1,5,-1,NA,sprague-dawley,2,mg/kg,14,day,3481.02263,771.6880189,1,ng/ml,gavage,plasma,Female,DTXSID3031864,Figure 5B
rat,-1,5,-1,NA,sprague-dawley,2,mg/kg,21,day,2684.874142,518.3996106,1,ng/ml,gavage,plasma,Female,DTXSID3031864,Figure 5B
rat,-1,5,-1,NA,sprague-dawley,2,mg/kg,28,day,2796.820452,316.8892601,1,ng/ml,gavage,plasma,Female,DTXSID3031864,Figure 5B
rat,-1,5,-1,NA,sprague-dawley,2,mg/kg,35,day,2598.110789,399.4722948,1,ng/ml,gavage,plasma,Female,DTXSID3031864,Figure 5B
rat,-1,5,-1,NA,sprague-dawley,2,mg/kg,42,day,1961.618019,222.4006131,1,ng/ml,gavage,plasma,Female,DTXSID3031864,Figure 5B
rat,-1,5,-1,NA,sprague-dawley,2,mg/kg,49,day,1579.509787,200.758045,1,ng/ml,gavage,plasma,Female,DTXSID3031864,Figure 5B
rat,-1,5,-1,NA,sprague-dawley,2,mg/kg,56,day,1488.521526,243.6012846,1,ng/ml,gavage,plasma,Female,DTXSID3031864,Figure 5B
rat,-1,5,-1,NA,sprague-dawley,2,mg/kg,63,day,1382.854736,67.34659784,1,ng/ml,gavage,plasma,Female,DTXSID3031864,Figure 5B
rat,-1,5,-1,NA,sprague-dawley,2,mg/kg,70,day,1179.043601,213.8837673,1,ng/ml,gavage,plasma,Female,DTXSID3031864,Figure 5B
