species,animal_id,N_animals,strain,dose,dose_units,time,time_units,BW,BW_units,BW_init,BW_init_units,conc_mean,conc_sd,standard_error,conc_units,route,matrix,sex,dtxsid,source
rat,B1,1,sprague-dawley,1,mg/kg,1,day,259,g,261,g,5570,-1,0,ng/ml,gavage,serum,Female,DTXSID8031863,Lau_RawData
rat,B2,1,sprague-dawley,1,mg/kg,1,day,258,g,259,g,4735,-1,0,ng/ml,gavage,serum,Female,DTXSID8031863,Lau_RawData
rat,B3,1,sprague-dawley,1,mg/kg,1,day,266,g,261,g,5550,-1,0,ng/ml,gavage,serum,Female,DTXSID8031863,Lau_RawData
rat,B1,1,sprague-dawley,1,mg/kg,2,day,268,g,261,g,3470,-1,0,ng/ml,gavage,serum,Female,DTXSID8031863,Lau_RawData
rat,B2,1,sprague-dawley,1,mg/kg,2,day,266,g,259,g,2730,-1,0,ng/ml,gavage,serum,Female,DTXSID8031863,Lau_RawData
rat,B3,1,sprague-dawley,1,mg/kg,2,day,262,g,261,g,2460,-1,0,ng/ml,gavage,serum,Female,DTXSID8031863,Lau_RawData
rat,B1,1,sprague-dawley,1,mg/kg,3,day,275,g,261,g,2440,-1,0,ng/ml,gavage,serum,Female,DTXSID8031863,Lau_RawData
rat,B2,1,sprague-dawley,1,mg/kg,3,day,273,g,259,g,1730,-1,0,ng/ml,gavage,serum,Female,DTXSID8031863,Lau_RawData
rat,B3,1,sprague-dawley,1,mg/kg,3,day,270,g,261,g,2345,-1,0,ng/ml,gavage,serum,Female,DTXSID8031863,Lau_RawData
rat,B1,1,sprague-dawley,1,mg/kg,4,day,273,g,261,g,1700,-1,0,ng/ml,gavage,serum,Female,DTXSID8031863,Lau_RawData
rat,B2,1,sprague-dawley,1,mg/kg,4,day,273,g,259,g,1130,-1,0,ng/ml,gavage,serum,Female,DTXSID8031863,Lau_RawData
rat,B3,1,sprague-dawley,1,mg/kg,4,day,272,g,261,g,1190,-1,0,ng/ml,gavage,serum,Female,DTXSID8031863,Lau_RawData
rat,B1,1,sprague-dawley,1,mg/kg,7,day,280,g,261,g,714,-1,0,ng/ml,gavage,serum,Female,DTXSID8031863,Lau_RawData
rat,B2,1,sprague-dawley,1,mg/kg,7,day,285,g,259,g,312,-1,0,ng/ml,gavage,serum,Female,DTXSID8031863,Lau_RawData
rat,B3,1,sprague-dawley,1,mg/kg,7,day,272,g,261,g,313,-1,0,ng/ml,gavage,serum,Female,DTXSID8031863,Lau_RawData
rat,B1,1,sprague-dawley,1,mg/kg,15,day,291,g,261,g,127,-1,0,ng/ml,gavage,serum,Female,DTXSID8031863,Lau_RawData
rat,B2,1,sprague-dawley,1,mg/kg,15,day,305,g,259,g,19.8,-1,0,ng/ml,gavage,serum,Female,DTXSID8031863,Lau_RawData
rat,B3,1,sprague-dawley,1,mg/kg,15,day,294,g,261,g,29.15,-1,0,ng/ml,gavage,serum,Female,DTXSID8031863,Lau_RawData
rat,B1,1,sprague-dawley,1,mg/kg,21,day,292,g,261,g,41,-1,0,ng/ml,gavage,serum,Female,DTXSID8031863,Lau_RawData
rat,B2,1,sprague-dawley,1,mg/kg,21,day,325,g,259,g,5.37,-1,0,ng/ml,gavage,serum,Female,DTXSID8031863,Lau_RawData
rat,B3,1,sprague-dawley,1,mg/kg,21,day,312,g,261,g,3.94,-1,0,ng/ml,gavage,serum,Female,DTXSID8031863,Lau_RawData
rat,B1,1,sprague-dawley,1,mg/kg,28,day,315,g,261,g,8.93,-1,0,ng/ml,gavage,serum,Female,DTXSID8031863,Lau_RawData
rat,B2,1,sprague-dawley,1,mg/kg,28,day,338,g,259,g,2.39,-1,0,ng/ml,gavage,serum,Female,DTXSID8031863,Lau_RawData
rat,B3,1,sprague-dawley,1,mg/kg,28,day,349,g,261,g,2.66,-1,0,ng/ml,gavage,serum,Female,DTXSID8031863,Lau_RawData
rat,B1,1,sprague-dawley,1,mg/kg,35,day,325,g,261,g,5.03,-1,0,ng/ml,gavage,serum,Female,DTXSID8031863,Lau_RawData
rat,B2,1,sprague-dawley,1,mg/kg,35,day,362,g,259,g,2.9,-1,0,ng/ml,gavage,serum,Female,DTXSID8031863,Lau_RawData
rat,B3,1,sprague-dawley,1,mg/kg,35,day,367,g,261,g,0.92,-1,0,ng/ml,gavage,serum,Female,DTXSID8031863,Lau_RawData
rat,B1,1,sprague-dawley,1,mg/kg,42,day,338,g,261,g,2.54,-1,0,ng/ml,gavage,serum,Female,DTXSID8031863,Lau_RawData
rat,B2,1,sprague-dawley,1,mg/kg,42,day,388,g,259,g,2.48,-1,0,ng/ml,gavage,serum,Female,DTXSID8031863,Lau_RawData
rat,B3,1,sprague-dawley,1,mg/kg,42,day,394,g,261,g,1.53,-1,0,ng/ml,gavage,serum,Female,DTXSID8031863,Lau_RawData
rat,B1,1,sprague-dawley,1,mg/kg,50,day,350,g,261,g,3.24,-1,0,ng/ml,gavage,serum,Female,DTXSID8031863,Lau_RawData
rat,B2,1,sprague-dawley,1,mg/kg,50,day,399,g,259,g,1.81,-1,0,ng/ml,gavage,serum,Female,DTXSID8031863,Lau_RawData
rat,B3,1,sprague-dawley,1,mg/kg,50,day,407,g,261,g,3.5,-1,0,ng/ml,gavage,serum,Female,DTXSID8031863,Lau_RawData
rat,E1,1,sprague-dawley,3,mg/kg,1,day,211,g,208,g,13700,-1,0,ng/ml,gavage,serum,Female,DTXSID8031863,Lau_RawData
rat,E2,1,sprague-dawley,3,mg/kg,1,day,216,g,210,g,12000,-1,0,ng/ml,gavage,serum,Female,DTXSID8031863,Lau_RawData
rat,E3,1,sprague-dawley,3,mg/kg,1,day,207,g,207,g,14500,-1,0,ng/ml,gavage,serum,Female,DTXSID8031863,Lau_RawData
rat,E1,1,sprague-dawley,3,mg/kg,2,day,217,g,208,g,7950,-1,0,ng/ml,gavage,serum,Female,DTXSID8031863,Lau_RawData
rat,E2,1,sprague-dawley,3,mg/kg,2,day,221,g,210,g,8120,-1,0,ng/ml,gavage,serum,Female,DTXSID8031863,Lau_RawData
rat,E3,1,sprague-dawley,3,mg/kg,2,day,209,g,207,g,10300,-1,0,ng/ml,gavage,serum,Female,DTXSID8031863,Lau_RawData
rat,E1,1,sprague-dawley,3,mg/kg,3,day,223,g,208,g,4320,-1,0,ng/ml,gavage,serum,Female,DTXSID8031863,Lau_RawData
rat,E2,1,sprague-dawley,3,mg/kg,3,day,219,g,210,g,4440,-1,0,ng/ml,gavage,serum,Female,DTXSID8031863,Lau_RawData
rat,E3,1,sprague-dawley,3,mg/kg,3,day,206,g,207,g,6880,-1,0,ng/ml,gavage,serum,Female,DTXSID8031863,Lau_RawData
rat,E1,1,sprague-dawley,3,mg/kg,4,day,215,g,208,g,2620,-1,0,ng/ml,gavage,serum,Female,DTXSID8031863,Lau_RawData
rat,E2,1,sprague-dawley,3,mg/kg,4,day,221,g,210,g,2460,-1,0,ng/ml,gavage,serum,Female,DTXSID8031863,Lau_RawData
rat,E3,1,sprague-dawley,3,mg/kg,4,day,215,g,207,g,3905,-1,0,ng/ml,gavage,serum,Female,DTXSID8031863,Lau_RawData
rat,E1,1,sprague-dawley,3,mg/kg,7,day,225,g,208,g,572.5,-1,0,ng/ml,gavage,serum,Female,DTXSID8031863,Lau_RawData
rat,E2,1,sprague-dawley,3,mg/kg,7,day,229,g,210,g,504,-1,0,ng/ml,gavage,serum,Female,DTXSID8031863,Lau_RawData
rat,E3,1,sprague-dawley,3,mg/kg,7,day,217,g,207,g,2030,-1,0,ng/ml,gavage,serum,Female,DTXSID8031863,Lau_RawData
rat,E1,1,sprague-dawley,3,mg/kg,15,day,253,g,208,g,86.9,-1,0,ng/ml,gavage,serum,Female,DTXSID8031863,Lau_RawData
rat,E2,1,sprague-dawley,3,mg/kg,15,day,242,g,210,g,81.8,-1,0,ng/ml,gavage,serum,Female,DTXSID8031863,Lau_RawData
rat,E3,1,sprague-dawley,3,mg/kg,15,day,228,g,207,g,271,-1,0,ng/ml,gavage,serum,Female,DTXSID8031863,Lau_RawData
rat,E1,1,sprague-dawley,3,mg/kg,21,day,275,g,208,g,3.5,-1,0,ng/ml,gavage,serum,Female,DTXSID8031863,Lau_RawData
rat,E2,1,sprague-dawley,3,mg/kg,21,day,250,g,210,g,29.3,-1,0,ng/ml,gavage,serum,Female,DTXSID8031863,Lau_RawData
rat,E3,1,sprague-dawley,3,mg/kg,21,day,244,g,207,g,70.9,-1,0,ng/ml,gavage,serum,Female,DTXSID8031863,Lau_RawData
rat,E1,1,sprague-dawley,3,mg/kg,28,day,287,g,208,g,3.5,-1,0,ng/ml,gavage,serum,Female,DTXSID8031863,Lau_RawData
rat,E2,1,sprague-dawley,3,mg/kg,28,day,259,g,210,g,29.2,-1,0,ng/ml,gavage,serum,Female,DTXSID8031863,Lau_RawData
rat,E3,1,sprague-dawley,3,mg/kg,28,day,249,g,207,g,20.9,-1,0,ng/ml,gavage,serum,Female,DTXSID8031863,Lau_RawData
rat,E1,1,sprague-dawley,3,mg/kg,35,day,291,g,208,g,16.4,-1,0,ng/ml,gavage,serum,Female,DTXSID8031863,Lau_RawData
rat,E2,1,sprague-dawley,3,mg/kg,35,day,278,g,210,g,15.9,-1,0,ng/ml,gavage,serum,Female,DTXSID8031863,Lau_RawData
rat,E3,1,sprague-dawley,3,mg/kg,35,day,251,g,207,g,3.52,-1,0,ng/ml,gavage,serum,Female,DTXSID8031863,Lau_RawData
rat,E1,1,sprague-dawley,3,mg/kg,42,day,305,g,208,g,3.5,-1,0,ng/ml,gavage,serum,Female,DTXSID8031863,Lau_RawData
rat,E2,1,sprague-dawley,3,mg/kg,42,day,284,g,210,g,3.5,-1,0,ng/ml,gavage,serum,Female,DTXSID8031863,Lau_RawData
rat,E3,1,sprague-dawley,3,mg/kg,42,day,258,g,207,g,3.5,-1,0,ng/ml,gavage,serum,Female,DTXSID8031863,Lau_RawData
rat,E1,1,sprague-dawley,3,mg/kg,50,day,314,g,208,g,3.5,-1,0,ng/ml,gavage,serum,Female,DTXSID8031863,Lau_RawData
rat,E2,1,sprague-dawley,3,mg/kg,50,day,295,g,210,g,530,-1,0,ng/ml,gavage,serum,Female,DTXSID8031863,Lau_RawData
rat,E3,1,sprague-dawley,3,mg/kg,50,day,268,g,207,g,3.5,-1,0,ng/ml,gavage,serum,Female,DTXSID8031863,Lau_RawData
rat,D1,1,sprague-dawley,10,mg/kg,1,day,213,g,210,g,42300,-1,0,ng/ml,gavage,serum,Female,DTXSID8031863,Lau_RawData
rat,D2,1,sprague-dawley,10,mg/kg,1,day,202,g,200,g,57550,-1,0,ng/ml,gavage,serum,Female,DTXSID8031863,Lau_RawData
rat,D3,1,sprague-dawley,10,mg/kg,1,day,212,g,202,g,39400,-1,0,ng/ml,gavage,serum,Female,DTXSID8031863,Lau_RawData
rat,D1,1,sprague-dawley,10,mg/kg,2,day,215,g,210,g,23200,-1,0,ng/ml,gavage,serum,Female,DTXSID8031863,Lau_RawData
rat,D2,1,sprague-dawley,10,mg/kg,2,day,196,g,200,g,29000,-1,0,ng/ml,gavage,serum,Female,DTXSID8031863,Lau_RawData
rat,D3,1,sprague-dawley,10,mg/kg,2,day,208,g,202,g,32350,-1,0,ng/ml,gavage,serum,Female,DTXSID8031863,Lau_RawData
rat,D1,1,sprague-dawley,10,mg/kg,3,day,220,g,210,g,13000,-1,0,ng/ml,gavage,serum,Female,DTXSID8031863,Lau_RawData
rat,D2,1,sprague-dawley,10,mg/kg,3,day,197,g,200,g,22000,-1,0,ng/ml,gavage,serum,Female,DTXSID8031863,Lau_RawData
rat,D3,1,sprague-dawley,10,mg/kg,3,day,205,g,202,g,24100,-1,0,ng/ml,gavage,serum,Female,DTXSID8031863,Lau_RawData
rat,D1,1,sprague-dawley,10,mg/kg,4,day,223,g,210,g,8280,-1,0,ng/ml,gavage,serum,Female,DTXSID8031863,Lau_RawData
rat,D2,1,sprague-dawley,10,mg/kg,4,day,206,g,200,g,12800,-1,0,ng/ml,gavage,serum,Female,DTXSID8031863,Lau_RawData
rat,D3,1,sprague-dawley,10,mg/kg,4,day,214,g,202,g,17200,-1,0,ng/ml,gavage,serum,Female,DTXSID8031863,Lau_RawData
rat,D1,1,sprague-dawley,10,mg/kg,7,day,229,g,210,g,2320,-1,0,ng/ml,gavage,serum,Female,DTXSID8031863,Lau_RawData
rat,D2,1,sprague-dawley,10,mg/kg,7,day,201,g,200,g,4120,-1,0,ng/ml,gavage,serum,Female,DTXSID8031863,Lau_RawData
rat,D3,1,sprague-dawley,10,mg/kg,7,day,221,g,202,g,9950,-1,0,ng/ml,gavage,serum,Female,DTXSID8031863,Lau_RawData
rat,D1,1,sprague-dawley,10,mg/kg,15,day,233,g,210,g,242,-1,0,ng/ml,gavage,serum,Female,DTXSID8031863,Lau_RawData
rat,D2,1,sprague-dawley,10,mg/kg,15,day,213,g,200,g,322,-1,0,ng/ml,gavage,serum,Female,DTXSID8031863,Lau_RawData
rat,D3,1,sprague-dawley,10,mg/kg,15,day,236,g,202,g,1455,-1,0,ng/ml,gavage,serum,Female,DTXSID8031863,Lau_RawData
rat,D1,1,sprague-dawley,10,mg/kg,21,day,229,g,210,g,71.6,-1,0,ng/ml,gavage,serum,Female,DTXSID8031863,Lau_RawData
rat,D2,1,sprague-dawley,10,mg/kg,21,day,221,g,200,g,82,-1,0,ng/ml,gavage,serum,Female,DTXSID8031863,Lau_RawData
rat,D3,1,sprague-dawley,10,mg/kg,21,day,254,g,202,g,346,-1,0,ng/ml,gavage,serum,Female,DTXSID8031863,Lau_RawData
rat,D1,1,sprague-dawley,10,mg/kg,28,day,232,g,210,g,24.6,-1,0,ng/ml,gavage,serum,Female,DTXSID8031863,Lau_RawData
rat,D2,1,sprague-dawley,10,mg/kg,28,day,227,g,200,g,33.3,-1,0,ng/ml,gavage,serum,Female,DTXSID8031863,Lau_RawData
rat,D3,1,sprague-dawley,10,mg/kg,28,day,268,g,202,g,117,-1,0,ng/ml,gavage,serum,Female,DTXSID8031863,Lau_RawData
rat,D1,1,sprague-dawley,10,mg/kg,35,day,248,g,210,g,22.3,-1,0,ng/ml,gavage,serum,Female,DTXSID8031863,Lau_RawData
rat,D2,1,sprague-dawley,10,mg/kg,35,day,236,g,200,g,21.3,-1,0,ng/ml,gavage,serum,Female,DTXSID8031863,Lau_RawData
rat,D3,1,sprague-dawley,10,mg/kg,35,day,277,g,202,g,38,-1,0,ng/ml,gavage,serum,Female,DTXSID8031863,Lau_RawData
rat,D1,1,sprague-dawley,10,mg/kg,42,day,243,g,210,g,3.5,-1,0,ng/ml,gavage,serum,Female,DTXSID8031863,Lau_RawData
rat,D2,1,sprague-dawley,10,mg/kg,42,day,237,g,200,g,3.5,-1,0,ng/ml,gavage,serum,Female,DTXSID8031863,Lau_RawData
rat,D3,1,sprague-dawley,10,mg/kg,42,day,291,g,202,g,3.5,-1,0,ng/ml,gavage,serum,Female,DTXSID8031863,Lau_RawData
rat,D1,1,sprague-dawley,10,mg/kg,50,day,265,g,210,g,25.65,-1,0,ng/ml,gavage,serum,Female,DTXSID8031863,Lau_RawData
rat,D2,1,sprague-dawley,10,mg/kg,50,day,253,g,200,g,45.6,-1,0,ng/ml,gavage,serum,Female,DTXSID8031863,Lau_RawData
rat,D3,1,sprague-dawley,10,mg/kg,50,day,313,g,202,g,54,-1,0,ng/ml,gavage,serum,Female,DTXSID8031863,Lau_RawData
rat,B4,1,sprague-dawley,1,mg/kg,1,day,292,g,286,g,6470,-1,0,ng/ml,gavage,serum,Male,DTXSID8031863,Lau_RawData
rat,B5,1,sprague-dawley,1,mg/kg,1,day,289,g,284,g,6360,-1,0,ng/ml,gavage,serum,Male,DTXSID8031863,Lau_RawData
rat,B6,1,sprague-dawley,1,mg/kg,1,day,287,g,283,g,4840,-1,0,ng/ml,gavage,serum,Male,DTXSID8031863,Lau_RawData
rat,B4,1,sprague-dawley,1,mg/kg,2,day,292,g,286,g,5010,-1,0,ng/ml,gavage,serum,Male,DTXSID8031863,Lau_RawData
rat,B5,1,sprague-dawley,1,mg/kg,2,day,291,g,284,g,5290,-1,0,ng/ml,gavage,serum,Male,DTXSID8031863,Lau_RawData
rat,B6,1,sprague-dawley,1,mg/kg,2,day,290,g,283,g,3550,-1,0,ng/ml,gavage,serum,Male,DTXSID8031863,Lau_RawData
rat,B4,1,sprague-dawley,1,mg/kg,3,day,297,g,286,g,4770,-1,0,ng/ml,gavage,serum,Male,DTXSID8031863,Lau_RawData
rat,B5,1,sprague-dawley,1,mg/kg,3,day,300,g,284,g,4350,-1,0,ng/ml,gavage,serum,Male,DTXSID8031863,Lau_RawData
rat,B6,1,sprague-dawley,1,mg/kg,3,day,298,g,283,g,3120,-1,0,ng/ml,gavage,serum,Male,DTXSID8031863,Lau_RawData
rat,B4,1,sprague-dawley,1,mg/kg,4,day,300,g,286,g,4420,-1,0,ng/ml,gavage,serum,Male,DTXSID8031863,Lau_RawData
rat,B5,1,sprague-dawley,1,mg/kg,4,day,304,g,284,g,3960,-1,0,ng/ml,gavage,serum,Male,DTXSID8031863,Lau_RawData
rat,B6,1,sprague-dawley,1,mg/kg,4,day,302,g,283,g,3090,-1,0,ng/ml,gavage,serum,Male,DTXSID8031863,Lau_RawData
rat,B4,1,sprague-dawley,1,mg/kg,7,day,310,g,286,g,3290,-1,0,ng/ml,gavage,serum,Male,DTXSID8031863,Lau_RawData
rat,B5,1,sprague-dawley,1,mg/kg,7,day,-1,g,284,g,2760,-1,0,ng/ml,gavage,serum,Male,DTXSID8031863,Lau_RawData
rat,B6,1,sprague-dawley,1,mg/kg,7,day,-1,g,283,g,2240,-1,0,ng/ml,gavage,serum,Male,DTXSID8031863,Lau_RawData
rat,B4,1,sprague-dawley,1,mg/kg,15,day,336,g,286,g,4340,-1,0,ng/ml,gavage,serum,Male,DTXSID8031863,Lau_RawData
rat,B5,1,sprague-dawley,1,mg/kg,15,day,345,g,284,g,3290,-1,0,ng/ml,gavage,serum,Male,DTXSID8031863,Lau_RawData
rat,B6,1,sprague-dawley,1,mg/kg,15,day,349,g,283,g,3020,-1,0,ng/ml,gavage,serum,Male,DTXSID8031863,Lau_RawData
rat,B4,1,sprague-dawley,1,mg/kg,21,day,364,g,286,g,3880,-1,0,ng/ml,gavage,serum,Male,DTXSID8031863,Lau_RawData
rat,B5,1,sprague-dawley,1,mg/kg,21,day,362,g,284,g,3460,-1,0,ng/ml,gavage,serum,Male,DTXSID8031863,Lau_RawData
rat,B6,1,sprague-dawley,1,mg/kg,21,day,365,g,283,g,2490,-1,0,ng/ml,gavage,serum,Male,DTXSID8031863,Lau_RawData
rat,B4,1,sprague-dawley,1,mg/kg,28,day,387,g,286,g,3630,-1,0,ng/ml,gavage,serum,Male,DTXSID8031863,Lau_RawData
rat,B5,1,sprague-dawley,1,mg/kg,28,day,382,g,284,g,3280,-1,0,ng/ml,gavage,serum,Male,DTXSID8031863,Lau_RawData
rat,B6,1,sprague-dawley,1,mg/kg,28,day,392,g,283,g,2175,-1,0,ng/ml,gavage,serum,Male,DTXSID8031863,Lau_RawData
rat,B4,1,sprague-dawley,1,mg/kg,35,day,406,g,286,g,3260,-1,0,ng/ml,gavage,serum,Male,DTXSID8031863,Lau_RawData
rat,B5,1,sprague-dawley,1,mg/kg,35,day,395,g,284,g,2360,-1,0,ng/ml,gavage,serum,Male,DTXSID8031863,Lau_RawData
rat,B6,1,sprague-dawley,1,mg/kg,35,day,410,g,283,g,1890,-1,0,ng/ml,gavage,serum,Male,DTXSID8031863,Lau_RawData
rat,B4,1,sprague-dawley,1,mg/kg,42,day,418,g,286,g,2530,-1,0,ng/ml,gavage,serum,Male,DTXSID8031863,Lau_RawData
rat,B5,1,sprague-dawley,1,mg/kg,42,day,422,g,284,g,1600,-1,0,ng/ml,gavage,serum,Male,DTXSID8031863,Lau_RawData
rat,B6,1,sprague-dawley,1,mg/kg,42,day,431,g,283,g,1510,-1,0,ng/ml,gavage,serum,Male,DTXSID8031863,Lau_RawData
rat,B4,1,sprague-dawley,1,mg/kg,50,day,430,g,286,g,1710,-1,0,ng/ml,gavage,serum,Male,DTXSID8031863,Lau_RawData
rat,B5,1,sprague-dawley,1,mg/kg,50,day,433,g,284,g,1660,-1,0,ng/ml,gavage,serum,Male,DTXSID8031863,Lau_RawData
rat,B6,1,sprague-dawley,1,mg/kg,50,day,443,g,283,g,1200,-1,0,ng/ml,gavage,serum,Male,DTXSID8031863,Lau_RawData
rat,E4,1,sprague-dawley,3,mg/kg,1,day,291,g,286,g,19400,-1,0,ng/ml,gavage,serum,Male,DTXSID8031863,Lau_RawData
rat,E5,1,sprague-dawley,3,mg/kg,1,day,301,g,291,g,20600,-1,0,ng/ml,gavage,serum,Male,DTXSID8031863,Lau_RawData
rat,E6,1,sprague-dawley,3,mg/kg,1,day,301,g,291,g,15500,-1,0,ng/ml,gavage,serum,Male,DTXSID8031863,Lau_RawData
rat,E4,1,sprague-dawley,3,mg/kg,2,day,293,g,286,g,19800,-1,0,ng/ml,gavage,serum,Male,DTXSID8031863,Lau_RawData
rat,E5,1,sprague-dawley,3,mg/kg,2,day,310,g,291,g,18100,-1,0,ng/ml,gavage,serum,Male,DTXSID8031863,Lau_RawData
rat,E6,1,sprague-dawley,3,mg/kg,2,day,310,g,291,g,13800,-1,0,ng/ml,gavage,serum,Male,DTXSID8031863,Lau_RawData
rat,E4,1,sprague-dawley,3,mg/kg,3,day,297,g,286,g,16900,-1,0,ng/ml,gavage,serum,Male,DTXSID8031863,Lau_RawData
rat,E5,1,sprague-dawley,3,mg/kg,3,day,314,g,291,g,15200,-1,0,ng/ml,gavage,serum,Male,DTXSID8031863,Lau_RawData
rat,E4,1,sprague-dawley,3,mg/kg,4,day,303,g,286,g,16400,-1,0,ng/ml,gavage,serum,Male,DTXSID8031863,Lau_RawData
rat,E5,1,sprague-dawley,3,mg/kg,4,day,329,g,291,g,15800,-1,0,ng/ml,gavage,serum,Male,DTXSID8031863,Lau_RawData
rat,E4,1,sprague-dawley,3,mg/kg,7,day,318,g,286,g,15000,-1,0,ng/ml,gavage,serum,Male,DTXSID8031863,Lau_RawData
rat,E5,1,sprague-dawley,3,mg/kg,7,day,348,g,291,g,12650,-1,0,ng/ml,gavage,serum,Male,DTXSID8031863,Lau_RawData
rat,E4,1,sprague-dawley,3,mg/kg,15,day,360,g,286,g,11800,-1,0,ng/ml,gavage,serum,Male,DTXSID8031863,Lau_RawData
rat,E5,1,sprague-dawley,3,mg/kg,15,day,366,g,291,g,11800,-1,0,ng/ml,gavage,serum,Male,DTXSID8031863,Lau_RawData
rat,E4,1,sprague-dawley,3,mg/kg,21,day,382,g,286,g,10200,-1,0,ng/ml,gavage,serum,Male,DTXSID8031863,Lau_RawData
rat,E5,1,sprague-dawley,3,mg/kg,21,day,396,g,291,g,9200,-1,0,ng/ml,gavage,serum,Male,DTXSID8031863,Lau_RawData
rat,E4,1,sprague-dawley,3,mg/kg,28,day,407,g,286,g,7755,-1,0,ng/ml,gavage,serum,Male,DTXSID8031863,Lau_RawData
rat,E5,1,sprague-dawley,3,mg/kg,28,day,434,g,291,g,7060,-1,0,ng/ml,gavage,serum,Male,DTXSID8031863,Lau_RawData
rat,E4,1,sprague-dawley,3,mg/kg,35,day,430,g,286,g,6600,-1,0,ng/ml,gavage,serum,Male,DTXSID8031863,Lau_RawData
rat,E5,1,sprague-dawley,3,mg/kg,35,day,470,g,291,g,5120,-1,0,ng/ml,gavage,serum,Male,DTXSID8031863,Lau_RawData
rat,E4,1,sprague-dawley,3,mg/kg,42,day,468,g,286,g,5610,-1,0,ng/ml,gavage,serum,Male,DTXSID8031863,Lau_RawData
rat,E5,1,sprague-dawley,3,mg/kg,42,day,490,g,291,g,5030,-1,0,ng/ml,gavage,serum,Male,DTXSID8031863,Lau_RawData
rat,E4,1,sprague-dawley,3,mg/kg,50,day,496,g,286,g,4010,-1,0,ng/ml,gavage,serum,Male,DTXSID8031863,Lau_RawData
rat,E5,1,sprague-dawley,3,mg/kg,50,day,517,g,291,g,4040,-1,0,ng/ml,gavage,serum,Male,DTXSID8031863,Lau_RawData
rat,D4,1,sprague-dawley,10,mg/kg,1,day,296,g,282,g,64200,-1,0,ng/ml,gavage,serum,Male,DTXSID8031863,Lau_RawData
rat,D5,1,sprague-dawley,10,mg/kg,1,day,278,g,282,g,66200,-1,0,ng/ml,gavage,serum,Male,DTXSID8031863,Lau_RawData
rat,D6,1,sprague-dawley,10,mg/kg,1,day,288,g,282,g,87100,-1,0,ng/ml,gavage,serum,Male,DTXSID8031863,Lau_RawData
rat,D4,1,sprague-dawley,10,mg/kg,2,day,295,g,282,g,56000,-1,0,ng/ml,gavage,serum,Male,DTXSID8031863,Lau_RawData
rat,D5,1,sprague-dawley,10,mg/kg,2,day,292,g,282,g,66100,-1,0,ng/ml,gavage,serum,Male,DTXSID8031863,Lau_RawData
rat,D6,1,sprague-dawley,10,mg/kg,2,day,293,g,282,g,58300,-1,0,ng/ml,gavage,serum,Male,DTXSID8031863,Lau_RawData
rat,D4,1,sprague-dawley,10,mg/kg,3,day,298,g,282,g,54000,-1,0,ng/ml,gavage,serum,Male,DTXSID8031863,Lau_RawData
rat,D5,1,sprague-dawley,10,mg/kg,3,day,296,g,282,g,52800,-1,0,ng/ml,gavage,serum,Male,DTXSID8031863,Lau_RawData
rat,D6,1,sprague-dawley,10,mg/kg,3,day,296,g,282,g,58500,-1,0,ng/ml,gavage,serum,Male,DTXSID8031863,Lau_RawData
rat,D4,1,sprague-dawley,10,mg/kg,4,day,306,g,282,g,67700,-1,0,ng/ml,gavage,serum,Male,DTXSID8031863,Lau_RawData
rat,D5,1,sprague-dawley,10,mg/kg,4,day,307,g,282,g,70000,-1,0,ng/ml,gavage,serum,Male,DTXSID8031863,Lau_RawData
rat,D6,1,sprague-dawley,10,mg/kg,4,day,298,g,282,g,60400,-1,0,ng/ml,gavage,serum,Male,DTXSID8031863,Lau_RawData
rat,D4,1,sprague-dawley,10,mg/kg,7,day,324,g,282,g,45500,-1,0,ng/ml,gavage,serum,Male,DTXSID8031863,Lau_RawData
rat,D5,1,sprague-dawley,10,mg/kg,7,day,323,g,282,g,45500,-1,0,ng/ml,gavage,serum,Male,DTXSID8031863,Lau_RawData
rat,D6,1,sprague-dawley,10,mg/kg,7,day,308,g,282,g,58500,-1,0,ng/ml,gavage,serum,Male,DTXSID8031863,Lau_RawData
rat,D4,1,sprague-dawley,10,mg/kg,15,day,355,g,282,g,37800,-1,0,ng/ml,gavage,serum,Male,DTXSID8031863,Lau_RawData
rat,D5,1,sprague-dawley,10,mg/kg,15,day,377,g,282,g,35600,-1,0,ng/ml,gavage,serum,Male,DTXSID8031863,Lau_RawData
rat,D6,1,sprague-dawley,10,mg/kg,15,day,349,g,282,g,39900,-1,0,ng/ml,gavage,serum,Male,DTXSID8031863,Lau_RawData
rat,D4,1,sprague-dawley,10,mg/kg,21,day,374,g,282,g,30450,-1,0,ng/ml,gavage,serum,Male,DTXSID8031863,Lau_RawData
rat,D5,1,sprague-dawley,10,mg/kg,21,day,287,g,208,g,54500,-1,0,ng/ml,gavage,serum,Male,DTXSID8031863,Lau_RawData
rat,D6,1,sprague-dawley,10,mg/kg,21,day,287,g,208,g,34800,-1,0,ng/ml,gavage,serum,Male,DTXSID8031863,Lau_RawData
rat,D4,1,sprague-dawley,10,mg/kg,28,day,398,g,282,g,27800,-1,0,ng/ml,gavage,serum,Male,DTXSID8031863,Lau_RawData
rat,D5,1,sprague-dawley,10,mg/kg,28,day,391,g,282,g,27900,-1,0,ng/ml,gavage,serum,Male,DTXSID8031863,Lau_RawData
rat,D6,1,sprague-dawley,10,mg/kg,28,day,278,g,282,g,51650,-1,0,ng/ml,gavage,serum,Male,DTXSID8031863,Lau_RawData
rat,D4,1,sprague-dawley,10,mg/kg,35,day,413,g,282,g,24900,-1,0,ng/ml,gavage,serum,Male,DTXSID8031863,Lau_RawData
rat,D5,1,sprague-dawley,10,mg/kg,35,day,430,g,282,g,20200,-1,0,ng/ml,gavage,serum,Male,DTXSID8031863,Lau_RawData
rat,D6,1,sprague-dawley,10,mg/kg,35,day,385,g,282,g,22000,-1,0,ng/ml,gavage,serum,Male,DTXSID8031863,Lau_RawData
rat,D4,1,sprague-dawley,10,mg/kg,42,day,442,g,282,g,21700,-1,0,ng/ml,gavage,serum,Male,DTXSID8031863,Lau_RawData
rat,D5,1,sprague-dawley,10,mg/kg,42,day,458,g,282,g,20200,-1,0,ng/ml,gavage,serum,Male,DTXSID8031863,Lau_RawData
rat,D6,1,sprague-dawley,10,mg/kg,42,day,420,g,282,g,22900,-1,0,ng/ml,gavage,serum,Male,DTXSID8031863,Lau_RawData
rat,D4,1,sprague-dawley,10,mg/kg,50,day,471,g,282,g,16300,-1,0,ng/ml,gavage,serum,Male,DTXSID8031863,Lau_RawData
rat,D5,1,sprague-dawley,10,mg/kg,50,day,480,g,282,g,9960,-1,0,ng/ml,gavage,serum,Male,DTXSID8031863,Lau_RawData
rat,D6,1,sprague-dawley,10,mg/kg,50,day,460,g,282,g,14250,-1,0,ng/ml,gavage,serum,Male,DTXSID8031863,Lau_RawData
mouse,7971,1,CD-1,1,mg/kg,1,day,34.8,g,34.3,g,2210,-1,0,ng/ml,gavage,serum,Male,DTXSID8031863,Lau_RawData
mouse,7972,1,CD-1,1,mg/kg,1,day,33,g,32.2,g,2170,-1,0,ng/ml,gavage,serum,Male,DTXSID8031863,Lau_RawData
mouse,7973,1,CD-1,1,mg/kg,1,day,34.6,g,34.4,g,1720,-1,0,ng/ml,gavage,serum,Male,DTXSID8031863,Lau_RawData
mouse,7974,1,CD-1,1,mg/kg,1,day,34.2,g,33.4,g,2390,-1,0,ng/ml,gavage,serum,Male,DTXSID8031863,Lau_RawData
mouse,7987,1,CD-1,1,mg/kg,4,day,38.5,g,36.7,g,2610,-1,0,ng/ml,gavage,serum,Male,DTXSID8031863,Lau_RawData
mouse,7988,1,CD-1,1,mg/kg,4,day,35.8,g,34.5,g,1765,-1,0,ng/ml,gavage,serum,Male,DTXSID8031863,Lau_RawData
mouse,7989,1,CD-1,1,mg/kg,4,day,31.8,g,30.9,g,1680,-1,0,ng/ml,gavage,serum,Male,DTXSID8031863,Lau_RawData
mouse,7990,1,CD-1,1,mg/kg,4,day,34.9,g,33.7,g,1570,-1,0,ng/ml,gavage,serum,Male,DTXSID8031863,Lau_RawData
mouse,8003,1,CD-1,1,mg/kg,7,day,38.9,g,35.7,g,2360,-1,0,ng/ml,gavage,serum,Male,DTXSID8031863,Lau_RawData
mouse,8004,1,CD-1,1,mg/kg,7,day,38.4,g,35.5,g,1440,-1,0,ng/ml,gavage,serum,Male,DTXSID8031863,Lau_RawData
mouse,8005,1,CD-1,1,mg/kg,7,day,37,g,33.2,g,1450,-1,0,ng/ml,gavage,serum,Male,DTXSID8031863,Lau_RawData
mouse,8006,1,CD-1,1,mg/kg,7,day,37.1,g,33.6,g,1670,-1,0,ng/ml,gavage,serum,Male,DTXSID8031863,Lau_RawData
mouse,8019,1,CD-1,1,mg/kg,11,day,35.9,g,33.2,g,1665,-1,0,ng/ml,gavage,serum,Male,DTXSID8031863,Lau_RawData
mouse,8020,1,CD-1,1,mg/kg,11,day,31.8,g,29.3,g,1980,-1,0,ng/ml,gavage,serum,Male,DTXSID8031863,Lau_RawData
mouse,8021,1,CD-1,1,mg/kg,11,day,41.3,g,36.6,g,1340,-1,0,ng/ml,gavage,serum,Male,DTXSID8031863,Lau_RawData
mouse,8022,1,CD-1,1,mg/kg,11,day,37,g,32.7,g,1670,-1,0,ng/ml,gavage,serum,Male,DTXSID8031863,Lau_RawData
mouse,8035,1,CD-1,1,mg/kg,16,day,38,g,33.8,g,1470,-1,0,ng/ml,gavage,serum,Male,DTXSID8031863,Lau_RawData
mouse,8036,1,CD-1,1,mg/kg,16,day,39.7,g,33.5,g,1410,-1,0,ng/ml,gavage,serum,Male,DTXSID8031863,Lau_RawData
mouse,8037,1,CD-1,1,mg/kg,16,day,38.2,g,34.3,g,1390,-1,0,ng/ml,gavage,serum,Male,DTXSID8031863,Lau_RawData
mouse,8038,1,CD-1,1,mg/kg,16,day,40.7,g,34.3,g,1360,-1,0,ng/ml,gavage,serum,Male,DTXSID8031863,Lau_RawData
mouse,8051,1,CD-1,1,mg/kg,21,day,36.2,g,31.5,g,970,-1,0,ng/ml,gavage,serum,Male,DTXSID8031863,Lau_RawData
mouse,8052,1,CD-1,1,mg/kg,21,day,43.4,g,34,g,337,-1,0,ng/ml,gavage,serum,Male,DTXSID8031863,Lau_RawData
mouse,8053,1,CD-1,1,mg/kg,21,day,41.9,g,36,g,1305,-1,0,ng/ml,gavage,serum,Male,DTXSID8031863,Lau_RawData
mouse,8054,1,CD-1,1,mg/kg,21,day,43.5,g,35.2,g,1020,-1,0,ng/ml,gavage,serum,Male,DTXSID8031863,Lau_RawData
mouse,8067,1,CD-1,1,mg/kg,28,day,43.8,g,34.2,g,897,-1,0,ng/ml,gavage,serum,Male,DTXSID8031863,Lau_RawData
mouse,8068,1,CD-1,1,mg/kg,28,day,42,g,33.7,g,1050,-1,0,ng/ml,gavage,serum,Male,DTXSID8031863,Lau_RawData
mouse,8069,1,CD-1,1,mg/kg,28,day,40.5,g,33.3,g,1250,-1,0,ng/ml,gavage,serum,Male,DTXSID8031863,Lau_RawData
mouse,8070,1,CD-1,1,mg/kg,28,day,47.5,g,35.2,g,1140,-1,0,ng/ml,gavage,serum,Male,DTXSID8031863,Lau_RawData
mouse,8083,1,CD-1,1,mg/kg,35,day,44,g,34.2,g,893,-1,0,ng/ml,gavage,serum,Male,DTXSID8031863,Lau_RawData
mouse,8084,1,CD-1,1,mg/kg,35,day,50,g,35.3,g,947,-1,0,ng/ml,gavage,serum,Male,DTXSID8031863,Lau_RawData
mouse,8085,1,CD-1,1,mg/kg,35,day,42.7,g,32.4,g,1265,-1,0,ng/ml,gavage,serum,Male,DTXSID8031863,Lau_RawData
mouse,8086,1,CD-1,1,mg/kg,35,day,44.5,g,34.9,g,1090,-1,0,ng/ml,gavage,serum,Male,DTXSID8031863,Lau_RawData
mouse,8099,1,CD-1,1,mg/kg,42,day,53.5,g,35.9,g,918,-1,0,ng/ml,gavage,serum,Male,DTXSID8031863,Lau_RawData
mouse,8100,1,CD-1,1,mg/kg,42,day,48,g,35.5,g,964,-1,0,ng/ml,gavage,serum,Male,DTXSID8031863,Lau_RawData
mouse,8101,1,CD-1,1,mg/kg,42,day,48.6,g,33.4,g,909,-1,0,ng/ml,gavage,serum,Male,DTXSID8031863,Lau_RawData
mouse,8102,1,CD-1,1,mg/kg,42,day,48.5,g,35.2,g,1015,-1,0,ng/ml,gavage,serum,Male,DTXSID8031863,Lau_RawData
mouse,8115,1,CD-1,1,mg/kg,50,day,44.5,g,34.2,g,865,-1,0,ng/ml,gavage,serum,Male,DTXSID8031863,Lau_RawData
mouse,8116,1,CD-1,1,mg/kg,50,day,53,g,34.8,g,747,-1,0,ng/ml,gavage,serum,Male,DTXSID8031863,Lau_RawData
mouse,8117,1,CD-1,1,mg/kg,50,day,51,g,32.9,g,748,-1,0,ng/ml,gavage,serum,Male,DTXSID8031863,Lau_RawData
mouse,8118,1,CD-1,1,mg/kg,50,day,49,g,33.7,g,679,-1,0,ng/ml,gavage,serum,Male,DTXSID8031863,Lau_RawData
mouse,7979,1,CD-1,10,mg/kg,1,day,29.4,g,33.3,g,26600,-1,0,ng/ml,gavage,serum,Male,DTXSID8031863,Lau_RawData
mouse,7980,1,CD-1,10,mg/kg,1,day,33.1,g,33.1,g,21300,-1,0,ng/ml,gavage,serum,Male,DTXSID8031863,Lau_RawData
mouse,7981,1,CD-1,10,mg/kg,1,day,35.3,g,35.3,g,24900,-1,0,ng/ml,gavage,serum,Male,DTXSID8031863,Lau_RawData
mouse,7982,1,CD-1,10,mg/kg,1,day,33.4,g,32.9,g,29700,-1,0,ng/ml,gavage,serum,Male,DTXSID8031863,Lau_RawData
mouse,7995,1,CD-1,10,mg/kg,4,day,37.9,g,36.1,g,4600,-1,0,ng/ml,gavage,serum,Male,DTXSID8031863,Lau_RawData
mouse,7996,1,CD-1,10,mg/kg,4,day,35.2,g,32.9,g,13000,-1,0,ng/ml,gavage,serum,Male,DTXSID8031863,Lau_RawData
mouse,7997,1,CD-1,10,mg/kg,4,day,37.8,g,36.2,g,17700,-1,0,ng/ml,gavage,serum,Male,DTXSID8031863,Lau_RawData
mouse,7998,1,CD-1,10,mg/kg,4,day,37.3,g,36,g,17500,-1,0,ng/ml,gavage,serum,Male,DTXSID8031863,Lau_RawData
mouse,8011,1,CD-1,10,mg/kg,7,day,37.8,g,33.5,g,12900,-1,0,ng/ml,gavage,serum,Male,DTXSID8031863,Lau_RawData
mouse,8012,1,CD-1,10,mg/kg,7,day,38,g,34.8,g,12100,-1,0,ng/ml,gavage,serum,Male,DTXSID8031863,Lau_RawData
mouse,8013,1,CD-1,10,mg/kg,7,day,41.2,g,36.6,g,14700,-1,0,ng/ml,gavage,serum,Male,DTXSID8031863,Lau_RawData
mouse,8014,1,CD-1,10,mg/kg,7,day,36.2,g,31.9,g,11500,-1,0,ng/ml,gavage,serum,Male,DTXSID8031863,Lau_RawData
mouse,8027,1,CD-1,10,mg/kg,11,day,35.9,g,31.7,g,11800,-1,0,ng/ml,gavage,serum,Male,DTXSID8031863,Lau_RawData
mouse,8028,1,CD-1,10,mg/kg,11,day,38.8,g,35.9,g,11250,-1,0,ng/ml,gavage,serum,Male,DTXSID8031863,Lau_RawData
mouse,8029,1,CD-1,10,mg/kg,11,day,35.9,g,32.1,g,14000,-1,0,ng/ml,gavage,serum,Male,DTXSID8031863,Lau_RawData
mouse,8030,1,CD-1,10,mg/kg,11,day,36.5,g,31.7,g,15000,-1,0,ng/ml,gavage,serum,Male,DTXSID8031863,Lau_RawData
mouse,8043,1,CD-1,10,mg/kg,16,day,41.6,g,35.8,g,10600,-1,0,ng/ml,gavage,serum,Male,DTXSID8031863,Lau_RawData
mouse,8044,1,CD-1,10,mg/kg,16,day,41.4,g,35.1,g,9790,-1,0,ng/ml,gavage,serum,Male,DTXSID8031863,Lau_RawData
mouse,8045,1,CD-1,10,mg/kg,16,day,36.3,g,31.9,g,13900,-1,0,ng/ml,gavage,serum,Male,DTXSID8031863,Lau_RawData
mouse,8046,1,CD-1,10,mg/kg,16,day,39,g,33.3,g,10200,-1,0,ng/ml,gavage,serum,Male,DTXSID8031863,Lau_RawData
mouse,8059,1,CD-1,10,mg/kg,21,day,37,g,32,g,10600,-1,0,ng/ml,gavage,serum,Male,DTXSID8031863,Lau_RawData
mouse,8060,1,CD-1,10,mg/kg,21,day,39.3,g,32.7,g,12400,-1,0,ng/ml,gavage,serum,Male,DTXSID8031863,Lau_RawData
mouse,8061,1,CD-1,10,mg/kg,21,day,36.7,g,31.8,g,16800,-1,0,ng/ml,gavage,serum,Male,DTXSID8031863,Lau_RawData
mouse,8062,1,CD-1,10,mg/kg,21,day,37.5,g,32.9,g,12100,-1,0,ng/ml,gavage,serum,Male,DTXSID8031863,Lau_RawData
mouse,8075,1,CD-1,10,mg/kg,28,day,39.6,g,33.1,g,8970,-1,0,ng/ml,gavage,serum,Male,DTXSID8031863,Lau_RawData
mouse,8076,1,CD-1,10,mg/kg,28,day,47,g,36.3,g,9895,-1,0,ng/ml,gavage,serum,Male,DTXSID8031863,Lau_RawData
mouse,8077,1,CD-1,10,mg/kg,28,day,43.6,g,36.2,g,12600,-1,0,ng/ml,gavage,serum,Male,DTXSID8031863,Lau_RawData
mouse,8078,1,CD-1,10,mg/kg,28,day,39.6,g,32.6,g,10600,-1,0,ng/ml,gavage,serum,Male,DTXSID8031863,Lau_RawData
mouse,8091,1,CD-1,10,mg/kg,35,day,42.3,g,32.5,g,10200,-1,0,ng/ml,gavage,serum,Male,DTXSID8031863,Lau_RawData
mouse,8092,1,CD-1,10,mg/kg,35,day,51.7,g,34.6,g,9260,-1,0,ng/ml,gavage,serum,Male,DTXSID8031863,Lau_RawData
mouse,8093,1,CD-1,10,mg/kg,35,day,40.5,g,32.8,g,13500,-1,0,ng/ml,gavage,serum,Male,DTXSID8031863,Lau_RawData
mouse,8094,1,CD-1,10,mg/kg,35,day,46.8,g,33.3,g,10000,-1,0,ng/ml,gavage,serum,Male,DTXSID8031863,Lau_RawData
mouse,8107,1,CD-1,10,mg/kg,42,day,44.7,g,32.8,g,8900,-1,0,ng/ml,gavage,serum,Male,DTXSID8031863,Lau_RawData
mouse,8108,1,CD-1,10,mg/kg,42,day,47.2,g,34.8,g,7630,-1,0,ng/ml,gavage,serum,Male,DTXSID8031863,Lau_RawData
mouse,8109,1,CD-1,10,mg/kg,42,day,44.8,g,34.3,g,13550,-1,0,ng/ml,gavage,serum,Male,DTXSID8031863,Lau_RawData
mouse,8110,1,CD-1,10,mg/kg,42,day,48.1,g,33.3,g,10500,-1,0,ng/ml,gavage,serum,Male,DTXSID8031863,Lau_RawData
mouse,8123,1,CD-1,10,mg/kg,50,day,43.6,g,34.2,g,9200,-1,0,ng/ml,gavage,serum,Male,DTXSID8031863,Lau_RawData
mouse,8124,1,CD-1,10,mg/kg,50,day,47.4,g,34.6,g,10200,-1,0,ng/ml,gavage,serum,Male,DTXSID8031863,Lau_RawData
mouse,8125,1,CD-1,10,mg/kg,50,day,54.4,g,35.6,g,7280,-1,0,ng/ml,gavage,serum,Male,DTXSID8031863,Lau_RawData
mouse,8126,1,CD-1,10,mg/kg,50,day,52.1,g,34.6,g,10400,-1,0,ng/ml,gavage,serum,Male,DTXSID8031863,Lau_RawData
mouse,7975,1,CD-1,1,mg/kg,1,day,21,g,25,g,6420,-1,0,ng/ml,gavage,serum,Female,DTXSID8031863,Lau_RawData
mouse,7976,1,CD-1,1,mg/kg,1,day,24.5,g,24.9,g,4510,-1,0,ng/ml,gavage,serum,Female,DTXSID8031863,Lau_RawData
mouse,7977,1,CD-1,1,mg/kg,1,day,21.2,g,24.9,g,6510,-1,0,ng/ml,gavage,serum,Female,DTXSID8031863,Lau_RawData
mouse,7978,1,CD-1,1,mg/kg,1,day,28.3,g,28.1,g,4790,-1,0,ng/ml,gavage,serum,Female,DTXSID8031863,Lau_RawData
mouse,7991,1,CD-1,1,mg/kg,4,day,27.1,g,26.4,g,3545,-1,0,ng/ml,gavage,serum,Female,DTXSID8031863,Lau_RawData
mouse,7992,1,CD-1,1,mg/kg,4,day,26.7,g,26.4,g,3580,-1,0,ng/ml,gavage,serum,Female,DTXSID8031863,Lau_RawData
mouse,7993,1,CD-1,1,mg/kg,4,day,26,g,25.4,g,3280,-1,0,ng/ml,gavage,serum,Female,DTXSID8031863,Lau_RawData
mouse,7994,1,CD-1,1,mg/kg,4,day,27.7,g,24.9,g,2590,-1,0,ng/ml,gavage,serum,Female,DTXSID8031863,Lau_RawData
mouse,8007,1,CD-1,1,mg/kg,7,day,29.6,g,27.4,g,3800,-1,0,ng/ml,gavage,serum,Female,DTXSID8031863,Lau_RawData
mouse,8008,1,CD-1,1,mg/kg,7,day,27.3,g,25.8,g,2790,-1,0,ng/ml,gavage,serum,Female,DTXSID8031863,Lau_RawData
mouse,8009,1,CD-1,1,mg/kg,7,day,25.9,g,24.9,g,2620,-1,0,ng/ml,gavage,serum,Female,DTXSID8031863,Lau_RawData
mouse,8010,1,CD-1,1,mg/kg,7,day,27.1,g,24.4,g,2870,-1,0,ng/ml,gavage,serum,Female,DTXSID8031863,Lau_RawData
mouse,8023,1,CD-1,1,mg/kg,11,day,27.5,g,26.1,g,2240,-1,0,ng/ml,gavage,serum,Female,DTXSID8031863,Lau_RawData
mouse,8024,1,CD-1,1,mg/kg,11,day,27.8,g,25.5,g,2820,-1,0,ng/ml,gavage,serum,Female,DTXSID8031863,Lau_RawData
mouse,8025,1,CD-1,1,mg/kg,11,day,28.4,g,24.2,g,1890,-1,0,ng/ml,gavage,serum,Female,DTXSID8031863,Lau_RawData
mouse,8026,1,CD-1,1,mg/kg,11,day,27.5,g,25.6,g,2450,-1,0,ng/ml,gavage,serum,Female,DTXSID8031863,Lau_RawData
mouse,8039,1,CD-1,1,mg/kg,16,day,29.7,g,26.3,g,2480,-1,0,ng/ml,gavage,serum,Female,DTXSID8031863,Lau_RawData
mouse,8040,1,CD-1,1,mg/kg,16,day,25,g,24.7,g,4080,-1,0,ng/ml,gavage,serum,Female,DTXSID8031863,Lau_RawData
mouse,8041,1,CD-1,1,mg/kg,16,day,29.3,g,25.9,g,2220,-1,0,ng/ml,gavage,serum,Female,DTXSID8031863,Lau_RawData
mouse,8042,1,CD-1,1,mg/kg,16,day,31.1,g,27.2,g,2350,-1,0,ng/ml,gavage,serum,Female,DTXSID8031863,Lau_RawData
mouse,8055,1,CD-1,1,mg/kg,21,day,31.1,g,26.5,g,1530,-1,0,ng/ml,gavage,serum,Female,DTXSID8031863,Lau_RawData
mouse,8056,1,CD-1,1,mg/kg,21,day,28.9,g,25.4,g,1940,-1,0,ng/ml,gavage,serum,Female,DTXSID8031863,Lau_RawData
mouse,8057,1,CD-1,1,mg/kg,21,day,34.1,g,26.4,g,1760,-1,0,ng/ml,gavage,serum,Female,DTXSID8031863,Lau_RawData
mouse,8058,1,CD-1,1,mg/kg,21,day,31.8,g,26.8,g,1850,-1,0,ng/ml,gavage,serum,Female,DTXSID8031863,Lau_RawData
mouse,8071,1,CD-1,1,mg/kg,28,day,31.9,g,27.1,g,2030,-1,0,ng/ml,gavage,serum,Female,DTXSID8031863,Lau_RawData
mouse,8072,1,CD-1,1,mg/kg,28,day,29.9,g,26.1,g,2260,-1,0,ng/ml,gavage,serum,Female,DTXSID8031863,Lau_RawData
mouse,8073,1,CD-1,1,mg/kg,28,day,37,g,27.4,g,1720,-1,0,ng/ml,gavage,serum,Female,DTXSID8031863,Lau_RawData
mouse,8074,1,CD-1,1,mg/kg,28,day,29.4,g,24.8,g,1820,-1,0,ng/ml,gavage,serum,Female,DTXSID8031863,Lau_RawData
mouse,8087,1,CD-1,1,mg/kg,35,day,31.4,g,25.6,g,1215,-1,0,ng/ml,gavage,serum,Female,DTXSID8031863,Lau_RawData
mouse,8088,1,CD-1,1,mg/kg,35,day,31.7,g,24.2,g,1150,-1,0,ng/ml,gavage,serum,Female,DTXSID8031863,Lau_RawData
mouse,8089,1,CD-1,1,mg/kg,35,day,32.8,g,26.1,g,1760,-1,0,ng/ml,gavage,serum,Female,DTXSID8031863,Lau_RawData
mouse,8090,1,CD-1,1,mg/kg,35,day,35,g,27.8,g,1660,-1,0,ng/ml,gavage,serum,Female,DTXSID8031863,Lau_RawData
mouse,8103,1,CD-1,1,mg/kg,42,day,40.1,g,28.2,g,1275,-1,0,ng/ml,gavage,serum,Female,DTXSID8031863,Lau_RawData
mouse,8104,1,CD-1,1,mg/kg,42,day,34.7,g,26,g,1290,-1,0,ng/ml,gavage,serum,Female,DTXSID8031863,Lau_RawData
mouse,8105,1,CD-1,1,mg/kg,42,day,34.5,g,28.3,g,2000,-1,0,ng/ml,gavage,serum,Female,DTXSID8031863,Lau_RawData
mouse,8106,1,CD-1,1,mg/kg,42,day,35,g,28,g,1450,-1,0,ng/ml,gavage,serum,Female,DTXSID8031863,Lau_RawData
mouse,8119,1,CD-1,1,mg/kg,50,day,35.4,g,25.6,g,925,-1,0,ng/ml,gavage,serum,Female,DTXSID8031863,Lau_RawData
mouse,8120,1,CD-1,1,mg/kg,50,day,39.8,g,25.1,g,752,-1,0,ng/ml,gavage,serum,Female,DTXSID8031863,Lau_RawData
mouse,8121,1,CD-1,1,mg/kg,50,day,29.5,g,25.6,g,1080,-1,0,ng/ml,gavage,serum,Female,DTXSID8031863,Lau_RawData
mouse,8122,1,CD-1,1,mg/kg,50,day,34.2,g,28.2,g,891,-1,0,ng/ml,gavage,serum,Female,DTXSID8031863,Lau_RawData
mouse,7983,1,CD-1,10,mg/kg,1,day,24,g,27.6,g,52300,-1,0,ng/ml,gavage,serum,Female,DTXSID8031863,Lau_RawData
mouse,7984,1,CD-1,10,mg/kg,1,day,23.8,g,26.8,g,51500,-1,0,ng/ml,gavage,serum,Female,DTXSID8031863,Lau_RawData
mouse,7985,1,CD-1,10,mg/kg,1,day,27.3,g,26.8,g,51000,-1,0,ng/ml,gavage,serum,Female,DTXSID8031863,Lau_RawData
mouse,7986,1,CD-1,10,mg/kg,1,day,26.2,g,25.4,g,37000,-1,0,ng/ml,gavage,serum,Female,DTXSID8031863,Lau_RawData
mouse,7999,1,CD-1,10,mg/kg,4,day,29.1,g,29.3,g,26000,-1,0,ng/ml,gavage,serum,Female,DTXSID8031863,Lau_RawData
mouse,8000,1,CD-1,10,mg/kg,4,day,26.2,g,25.3,g,26000,-1,0,ng/ml,gavage,serum,Female,DTXSID8031863,Lau_RawData
mouse,8001,1,CD-1,10,mg/kg,4,day,27,g,26.5,g,24050,-1,0,ng/ml,gavage,serum,Female,DTXSID8031863,Lau_RawData
mouse,8002,1,CD-1,10,mg/kg,4,day,26.7,g,26.3,g,22400,-1,0,ng/ml,gavage,serum,Female,DTXSID8031863,Lau_RawData
mouse,8015,1,CD-1,10,mg/kg,7,day,26.3,g,25.4,g,22300,-1,0,ng/ml,gavage,serum,Female,DTXSID8031863,Lau_RawData
mouse,8016,1,CD-1,10,mg/kg,7,day,28.2,g,26,g,21300,-1,0,ng/ml,gavage,serum,Female,DTXSID8031863,Lau_RawData
mouse,8017,1,CD-1,10,mg/kg,7,day,29,g,25.9,g,22400,-1,0,ng/ml,gavage,serum,Female,DTXSID8031863,Lau_RawData
mouse,8018,1,CD-1,10,mg/kg,7,day,29.1,g,26.8,g,17600,-1,0,ng/ml,gavage,serum,Female,DTXSID8031863,Lau_RawData
mouse,8031,1,CD-1,10,mg/kg,11,day,30,g,25.5,g,18200,-1,0,ng/ml,gavage,serum,Female,DTXSID8031863,Lau_RawData
mouse,8032,1,CD-1,10,mg/kg,11,day,28.3,g,27.5,g,16700,-1,0,ng/ml,gavage,serum,Female,DTXSID8031863,Lau_RawData
mouse,8033,1,CD-1,10,mg/kg,11,day,31.3,g,24.9,g,14050,-1,0,ng/ml,gavage,serum,Female,DTXSID8031863,Lau_RawData
mouse,8034,1,CD-1,10,mg/kg,11,day,28,g,27.2,g,23500,-1,0,ng/ml,gavage,serum,Female,DTXSID8031863,Lau_RawData
mouse,8047,1,CD-1,10,mg/kg,16,day,28.4,g,25.3,g,19600,-1,0,ng/ml,gavage,serum,Female,DTXSID8031863,Lau_RawData
mouse,8048,1,CD-1,10,mg/kg,16,day,27,g,27.2,g,22800,-1,0,ng/ml,gavage,serum,Female,DTXSID8031863,Lau_RawData
mouse,8049,1,CD-1,10,mg/kg,16,day,30,g,27.8,g,17900,-1,0,ng/ml,gavage,serum,Female,DTXSID8031863,Lau_RawData
mouse,8050,1,CD-1,10,mg/kg,16,day,30.5,g,25.9,g,18700,-1,0,ng/ml,gavage,serum,Female,DTXSID8031863,Lau_RawData
mouse,8063,1,CD-1,10,mg/kg,21,day,30.9,g,28.5,g,12100,-1,0,ng/ml,gavage,serum,Female,DTXSID8031863,Lau_RawData
mouse,8064,1,CD-1,10,mg/kg,21,day,29.3,g,26.3,g,12700,-1,0,ng/ml,gavage,serum,Female,DTXSID8031863,Lau_RawData
mouse,8065,1,CD-1,10,mg/kg,21,day,28.4,g,26.1,g,20300,-1,0,ng/ml,gavage,serum,Female,DTXSID8031863,Lau_RawData
mouse,8066,1,CD-1,10,mg/kg,21,day,31.1,g,28.5,g,16250,-1,0,ng/ml,gavage,serum,Female,DTXSID8031863,Lau_RawData
mouse,8079,1,CD-1,10,mg/kg,28,day,32.7,g,25.8,g,12600,-1,0,ng/ml,gavage,serum,Female,DTXSID8031863,Lau_RawData
mouse,8080,1,CD-1,10,mg/kg,28,day,28.5,g,25.1,g,15300,-1,0,ng/ml,gavage,serum,Female,DTXSID8031863,Lau_RawData
mouse,8081,1,CD-1,10,mg/kg,28,day,33.5,g,25.8,g,15500,-1,0,ng/ml,gavage,serum,Female,DTXSID8031863,Lau_RawData
mouse,8082,1,CD-1,10,mg/kg,28,day,32.8,g,25.8,g,13800,-1,0,ng/ml,gavage,serum,Female,DTXSID8031863,Lau_RawData
mouse,8095,1,CD-1,10,mg/kg,35,day,32.6,g,27.1,g,17400,-1,0,ng/ml,gavage,serum,Female,DTXSID8031863,Lau_RawData
mouse,8096,1,CD-1,10,mg/kg,35,day,33,g,25.8,g,15300,-1,0,ng/ml,gavage,serum,Female,DTXSID8031863,Lau_RawData
mouse,8097,1,CD-1,10,mg/kg,35,day,37,g,26.8,g,14450,-1,0,ng/ml,gavage,serum,Female,DTXSID8031863,Lau_RawData
mouse,8098,1,CD-1,10,mg/kg,35,day,38.8,g,26.1,g,15900,-1,0,ng/ml,gavage,serum,Female,DTXSID8031863,Lau_RawData
mouse,8111,1,CD-1,10,mg/kg,42,day,31.9,g,26.1,g,14000,-1,0,ng/ml,gavage,serum,Female,DTXSID8031863,Lau_RawData
mouse,8112,1,CD-1,10,mg/kg,42,day,31.8,g,26.7,g,17100,-1,0,ng/ml,gavage,serum,Female,DTXSID8031863,Lau_RawData
mouse,8113,1,CD-1,10,mg/kg,42,day,37.1,g,25.8,g,10700,-1,0,ng/ml,gavage,serum,Female,DTXSID8031863,Lau_RawData
mouse,8114,1,CD-1,10,mg/kg,42,day,33.5,g,27.8,g,17800,-1,0,ng/ml,gavage,serum,Female,DTXSID8031863,Lau_RawData
mouse,8127,1,CD-1,10,mg/kg,50,day,42.2,g,26.9,g,6100,-1,0,ng/ml,gavage,serum,Female,DTXSID8031863,Lau_RawData
mouse,8128,1,CD-1,10,mg/kg,50,day,33.6,g,27,g,13700,-1,0,ng/ml,gavage,serum,Female,DTXSID8031863,Lau_RawData
mouse,8129,1,CD-1,10,mg/kg,50,day,31.5,g,25.7,g,13200,-1,0,ng/ml,gavage,serum,Female,DTXSID8031863,Lau_RawData
mouse,8130,1,CD-1,10,mg/kg,50,day,34.6,g,26.5,g,14000,-1,0,ng/ml,gavage,serum,Female,DTXSID8031863,Lau_RawData
mouse,7971,1,CD-1,1,mg/kg,1,day,34.8,g,34.3,g,2670,-1,0,ng/g-tissue,gavage,liver,Male,DTXSID8031863,Lau_RawData
mouse,7972,1,CD-1,1,mg/kg,1,day,33,g,32.2,g,2250,-1,0,ng/g-tissue,gavage,liver,Male,DTXSID8031863,Lau_RawData
mouse,7973,1,CD-1,1,mg/kg,1,day,34.6,g,34.4,g,2765,-1,0,ng/g-tissue,gavage,liver,Male,DTXSID8031863,Lau_RawData
mouse,7974,1,CD-1,1,mg/kg,1,day,34.2,g,33.4,g,2470,-1,0,ng/g-tissue,gavage,liver,Male,DTXSID8031863,Lau_RawData
mouse,7987,1,CD-1,1,mg/kg,4,day,38.5,g,36.7,g,2020,-1,0,ng/g-tissue,gavage,liver,Male,DTXSID8031863,Lau_RawData
mouse,7988,1,CD-1,1,mg/kg,4,day,35.8,g,34.5,g,2265,-1,0,ng/g-tissue,gavage,liver,Male,DTXSID8031863,Lau_RawData
mouse,7989,1,CD-1,1,mg/kg,4,day,31.8,g,30.9,g,2200,-1,0,ng/g-tissue,gavage,liver,Male,DTXSID8031863,Lau_RawData
mouse,7990,1,CD-1,1,mg/kg,4,day,34.9,g,33.7,g,2060,-1,0,ng/g-tissue,gavage,liver,Male,DTXSID8031863,Lau_RawData
mouse,8003,1,CD-1,1,mg/kg,7,day,38.9,g,35.7,g,2590,-1,0,ng/g-tissue,gavage,liver,Male,DTXSID8031863,Lau_RawData
mouse,8004,1,CD-1,1,mg/kg,7,day,38.4,g,35.5,g,1850,-1,0,ng/g-tissue,gavage,liver,Male,DTXSID8031863,Lau_RawData
mouse,8005,1,CD-1,1,mg/kg,7,day,37,g,33.2,g,2470,-1,0,ng/g-tissue,gavage,liver,Male,DTXSID8031863,Lau_RawData
mouse,8006,1,CD-1,1,mg/kg,7,day,37.1,g,33.6,g,1760,-1,0,ng/g-tissue,gavage,liver,Male,DTXSID8031863,Lau_RawData
mouse,8019,1,CD-1,1,mg/kg,11,day,35.9,g,33.2,g,2360,-1,0,ng/g-tissue,gavage,liver,Male,DTXSID8031863,Lau_RawData
mouse,8020,1,CD-1,1,mg/kg,11,day,31.8,g,29.3,g,2720,-1,0,ng/g-tissue,gavage,liver,Male,DTXSID8031863,Lau_RawData
mouse,8021,1,CD-1,1,mg/kg,11,day,41.3,g,36.6,g,2620,-1,0,ng/g-tissue,gavage,liver,Male,DTXSID8031863,Lau_RawData
mouse,8022,1,CD-1,1,mg/kg,11,day,37,g,32.7,g,2910,-1,0,ng/g-tissue,gavage,liver,Male,DTXSID8031863,Lau_RawData
mouse,8035,1,CD-1,1,mg/kg,16,day,38,g,33.8,g,2650,-1,0,ng/g-tissue,gavage,liver,Male,DTXSID8031863,Lau_RawData
mouse,8036,1,CD-1,1,mg/kg,16,day,39.7,g,33.5,g,2330,-1,0,ng/g-tissue,gavage,liver,Male,DTXSID8031863,Lau_RawData
mouse,8037,1,CD-1,1,mg/kg,16,day,38.2,g,34.3,g,2675,-1,0,ng/g-tissue,gavage,liver,Male,DTXSID8031863,Lau_RawData
mouse,8038,1,CD-1,1,mg/kg,16,day,40.7,g,34.3,g,2220,-1,0,ng/g-tissue,gavage,liver,Male,DTXSID8031863,Lau_RawData
mouse,8051,1,CD-1,1,mg/kg,21,day,36.2,g,31.5,g,2260,-1,0,ng/g-tissue,gavage,liver,Male,DTXSID8031863,Lau_RawData
mouse,8052,1,CD-1,1,mg/kg,21,day,43.4,g,34,g,2050,-1,0,ng/g-tissue,gavage,liver,Male,DTXSID8031863,Lau_RawData
mouse,8053,1,CD-1,1,mg/kg,21,day,41.9,g,36,g,2540,-1,0,ng/g-tissue,gavage,liver,Male,DTXSID8031863,Lau_RawData
mouse,8054,1,CD-1,1,mg/kg,21,day,43.5,g,35.2,g,2135,-1,0,ng/g-tissue,gavage,liver,Male,DTXSID8031863,Lau_RawData
mouse,8067,1,CD-1,1,mg/kg,28,day,43.8,g,34.2,g,2780,-1,0,ng/g-tissue,gavage,liver,Male,DTXSID8031863,Lau_RawData
mouse,8068,1,CD-1,1,mg/kg,28,day,42,g,33.7,g,2670,-1,0,ng/g-tissue,gavage,liver,Male,DTXSID8031863,Lau_RawData
mouse,8069,1,CD-1,1,mg/kg,28,day,40.5,g,33.3,g,2560,-1,0,ng/g-tissue,gavage,liver,Male,DTXSID8031863,Lau_RawData
mouse,8070,1,CD-1,1,mg/kg,28,day,47.5,g,35.2,g,2110,-1,0,ng/g-tissue,gavage,liver,Male,DTXSID8031863,Lau_RawData
mouse,8083,1,CD-1,1,mg/kg,35,day,44,g,34.2,g,2230,-1,0,ng/g-tissue,gavage,liver,Male,DTXSID8031863,Lau_RawData
mouse,8084,1,CD-1,1,mg/kg,35,day,50,g,35.3,g,1560,-1,0,ng/g-tissue,gavage,liver,Male,DTXSID8031863,Lau_RawData
mouse,8085,1,CD-1,1,mg/kg,35,day,42.7,g,32.4,g,2180,-1,0,ng/g-tissue,gavage,liver,Male,DTXSID8031863,Lau_RawData
mouse,8086,1,CD-1,1,mg/kg,35,day,44.5,g,34.9,g,1900,-1,0,ng/g-tissue,gavage,liver,Male,DTXSID8031863,Lau_RawData
mouse,8099,1,CD-1,1,mg/kg,42,day,53.5,g,35.9,g,1540,-1,0,ng/g-tissue,gavage,liver,Male,DTXSID8031863,Lau_RawData
mouse,8100,1,CD-1,1,mg/kg,42,day,48,g,35.5,g,1780,-1,0,ng/g-tissue,gavage,liver,Male,DTXSID8031863,Lau_RawData
mouse,8101,1,CD-1,1,mg/kg,42,day,48.6,g,33.4,g,1580,-1,0,ng/g-tissue,gavage,liver,Male,DTXSID8031863,Lau_RawData
mouse,8102,1,CD-1,1,mg/kg,42,day,48.5,g,35.2,g,1805,-1,0,ng/g-tissue,gavage,liver,Male,DTXSID8031863,Lau_RawData
mouse,8115,1,CD-1,1,mg/kg,50,day,44.5,g,34.2,g,2030,-1,0,ng/g-tissue,gavage,liver,Male,DTXSID8031863,Lau_RawData
mouse,8116,1,CD-1,1,mg/kg,50,day,53,g,34.8,g,1760,-1,0,ng/g-tissue,gavage,liver,Male,DTXSID8031863,Lau_RawData
mouse,8117,1,CD-1,1,mg/kg,50,day,51,g,32.9,g,1950,-1,0,ng/g-tissue,gavage,liver,Male,DTXSID8031863,Lau_RawData
mouse,8118,1,CD-1,1,mg/kg,50,day,49,g,33.7,g,2340,-1,0,ng/g-tissue,gavage,liver,Male,DTXSID8031863,Lau_RawData
mouse,7979,1,CD-1,10,mg/kg,1,day,29.4,g,33.3,g,24200,-1,0,ng/g-tissue,gavage,liver,Male,DTXSID8031863,Lau_RawData
mouse,7980,1,CD-1,10,mg/kg,1,day,33.1,g,33.1,g,22000,-1,0,ng/g-tissue,gavage,liver,Male,DTXSID8031863,Lau_RawData
mouse,7981,1,CD-1,10,mg/kg,1,day,35.3,g,35.3,g,22600,-1,0,ng/g-tissue,gavage,liver,Male,DTXSID8031863,Lau_RawData
mouse,7982,1,CD-1,10,mg/kg,1,day,33.4,g,32.9,g,22200,-1,0,ng/g-tissue,gavage,liver,Male,DTXSID8031863,Lau_RawData
mouse,7995,1,CD-1,10,mg/kg,4,day,37.9,g,36.1,g,17300,-1,0,ng/g-tissue,gavage,liver,Male,DTXSID8031863,Lau_RawData
mouse,7996,1,CD-1,10,mg/kg,4,day,35.2,g,32.9,g,18500,-1,0,ng/g-tissue,gavage,liver,Male,DTXSID8031863,Lau_RawData
mouse,7997,1,CD-1,10,mg/kg,4,day,37.8,g,36.2,g,17300,-1,0,ng/g-tissue,gavage,liver,Male,DTXSID8031863,Lau_RawData
mouse,7998,1,CD-1,10,mg/kg,4,day,37.3,g,36,g,18100,-1,0,ng/g-tissue,gavage,liver,Male,DTXSID8031863,Lau_RawData
mouse,8011,1,CD-1,10,mg/kg,7,day,37.8,g,33.5,g,16750,-1,0,ng/g-tissue,gavage,liver,Male,DTXSID8031863,Lau_RawData
mouse,8012,1,CD-1,10,mg/kg,7,day,38,g,34.8,g,17500,-1,0,ng/g-tissue,gavage,liver,Male,DTXSID8031863,Lau_RawData
mouse,8013,1,CD-1,10,mg/kg,7,day,41.2,g,36.6,g,17100,-1,0,ng/g-tissue,gavage,liver,Male,DTXSID8031863,Lau_RawData
mouse,8014,1,CD-1,10,mg/kg,7,day,36.2,g,31.9,g,18500,-1,0,ng/g-tissue,gavage,liver,Male,DTXSID8031863,Lau_RawData
mouse,8027,1,CD-1,10,mg/kg,11,day,35.9,g,31.7,g,15600,-1,0,ng/g-tissue,gavage,liver,Male,DTXSID8031863,Lau_RawData
mouse,8028,1,CD-1,10,mg/kg,11,day,38.8,g,35.9,g,15400,-1,0,ng/g-tissue,gavage,liver,Male,DTXSID8031863,Lau_RawData
mouse,8029,1,CD-1,10,mg/kg,11,day,35.9,g,32.1,g,18000,-1,0,ng/g-tissue,gavage,liver,Male,DTXSID8031863,Lau_RawData
mouse,8030,1,CD-1,10,mg/kg,11,day,36.5,g,31.7,g,17150,-1,0,ng/g-tissue,gavage,liver,Male,DTXSID8031863,Lau_RawData
mouse,8043,1,CD-1,10,mg/kg,16,day,41.6,g,35.8,g,18000,-1,0,ng/g-tissue,gavage,liver,Male,DTXSID8031863,Lau_RawData
mouse,8044,1,CD-1,10,mg/kg,16,day,41.4,g,35.1,g,17000,-1,0,ng/g-tissue,gavage,liver,Male,DTXSID8031863,Lau_RawData
mouse,8045,1,CD-1,10,mg/kg,16,day,36.3,g,31.9,g,18300,-1,0,ng/g-tissue,gavage,liver,Male,DTXSID8031863,Lau_RawData
mouse,8046,1,CD-1,10,mg/kg,16,day,39,g,33.3,g,15750,-1,0,ng/g-tissue,gavage,liver,Male,DTXSID8031863,Lau_RawData
mouse,8059,1,CD-1,10,mg/kg,21,day,37,g,32,g,16300,-1,0,ng/g-tissue,gavage,liver,Male,DTXSID8031863,Lau_RawData
mouse,8060,1,CD-1,10,mg/kg,21,day,39.3,g,32.7,g,19600,-1,0,ng/g-tissue,gavage,liver,Male,DTXSID8031863,Lau_RawData
mouse,8061,1,CD-1,10,mg/kg,21,day,36.7,g,31.8,g,18600,-1,0,ng/g-tissue,gavage,liver,Male,DTXSID8031863,Lau_RawData
mouse,8062,1,CD-1,10,mg/kg,21,day,37.5,g,32.9,g,18700,-1,0,ng/g-tissue,gavage,liver,Male,DTXSID8031863,Lau_RawData
mouse,8075,1,CD-1,10,mg/kg,28,day,39.6,g,33.1,g,18000,-1,0,ng/g-tissue,gavage,liver,Male,DTXSID8031863,Lau_RawData
mouse,8076,1,CD-1,10,mg/kg,28,day,47,g,36.3,g,16200,-1,0,ng/g-tissue,gavage,liver,Male,DTXSID8031863,Lau_RawData
mouse,8077,1,CD-1,10,mg/kg,28,day,43.6,g,36.2,g,20300,-1,0,ng/g-tissue,gavage,liver,Male,DTXSID8031863,Lau_RawData
mouse,8078,1,CD-1,10,mg/kg,28,day,39.6,g,32.6,g,16400,-1,0,ng/g-tissue,gavage,liver,Male,DTXSID8031863,Lau_RawData
mouse,8091,1,CD-1,10,mg/kg,35,day,42.3,g,32.5,g,14500,-1,0,ng/g-tissue,gavage,liver,Male,DTXSID8031863,Lau_RawData
mouse,8092,1,CD-1,10,mg/kg,35,day,51.7,g,34.6,g,14900,-1,0,ng/g-tissue,gavage,liver,Male,DTXSID8031863,Lau_RawData
mouse,8093,1,CD-1,10,mg/kg,35,day,40.5,g,32.8,g,16700,-1,0,ng/g-tissue,gavage,liver,Male,DTXSID8031863,Lau_RawData
mouse,8094,1,CD-1,10,mg/kg,35,day,46.8,g,33.3,g,14750,-1,0,ng/g-tissue,gavage,liver,Male,DTXSID8031863,Lau_RawData
mouse,8107,1,CD-1,10,mg/kg,42,day,44.7,g,32.8,g,13600,-1,0,ng/g-tissue,gavage,liver,Male,DTXSID8031863,Lau_RawData
mouse,8108,1,CD-1,10,mg/kg,42,day,47.2,g,34.8,g,13300,-1,0,ng/g-tissue,gavage,liver,Male,DTXSID8031863,Lau_RawData
mouse,8109,1,CD-1,10,mg/kg,42,day,44.8,g,34.3,g,14100,-1,0,ng/g-tissue,gavage,liver,Male,DTXSID8031863,Lau_RawData
mouse,8110,1,CD-1,10,mg/kg,42,day,48.1,g,33.3,g,12700,-1,0,ng/g-tissue,gavage,liver,Male,DTXSID8031863,Lau_RawData
mouse,8123,1,CD-1,10,mg/kg,50,day,43.6,g,34.2,g,13600,-1,0,ng/g-tissue,gavage,liver,Male,DTXSID8031863,Lau_RawData
mouse,8124,1,CD-1,10,mg/kg,50,day,47.4,g,34.6,g,15100,-1,0,ng/g-tissue,gavage,liver,Male,DTXSID8031863,Lau_RawData
mouse,8125,1,CD-1,10,mg/kg,50,day,54.4,g,35.6,g,10900,-1,0,ng/g-tissue,gavage,liver,Male,DTXSID8031863,Lau_RawData
mouse,8126,1,CD-1,10,mg/kg,50,day,52.1,g,34.6,g,13850,-1,0,ng/g-tissue,gavage,liver,Male,DTXSID8031863,Lau_RawData
mouse,7975,1,CD-1,1,mg/kg,1,day,21,g,25,g,1510,-1,0,ng/g-tissue,gavage,liver,Female,DTXSID8031863,Lau_RawData
mouse,7976,1,CD-1,1,mg/kg,1,day,24.5,g,24.9,g,1420,-1,0,ng/g-tissue,gavage,liver,Female,DTXSID8031863,Lau_RawData
mouse,7977,1,CD-1,1,mg/kg,1,day,21.2,g,24.9,g,1715,-1,0,ng/g-tissue,gavage,liver,Female,DTXSID8031863,Lau_RawData
mouse,7978,1,CD-1,1,mg/kg,1,day,28.3,g,28.1,g,1680,-1,0,ng/g-tissue,gavage,liver,Female,DTXSID8031863,Lau_RawData
mouse,7991,1,CD-1,1,mg/kg,4,day,27.1,g,26.4,g,1390,-1,0,ng/g-tissue,gavage,liver,Female,DTXSID8031863,Lau_RawData
mouse,7992,1,CD-1,1,mg/kg,4,day,26.7,g,26.4,g,1640,-1,0,ng/g-tissue,gavage,liver,Female,DTXSID8031863,Lau_RawData
mouse,7993,1,CD-1,1,mg/kg,4,day,26,g,25.4,g,1500,-1,0,ng/g-tissue,gavage,liver,Female,DTXSID8031863,Lau_RawData
mouse,7994,1,CD-1,1,mg/kg,4,day,27.7,g,24.9,g,1190,-1,0,ng/g-tissue,gavage,liver,Female,DTXSID8031863,Lau_RawData
mouse,8007,1,CD-1,1,mg/kg,7,day,29.6,g,27.4,g,3010,-1,0,ng/g-tissue,gavage,liver,Female,DTXSID8031863,Lau_RawData
mouse,8008,1,CD-1,1,mg/kg,7,day,27.3,g,25.8,g,1790,-1,0,ng/g-tissue,gavage,liver,Female,DTXSID8031863,Lau_RawData
mouse,8009,1,CD-1,1,mg/kg,7,day,25.9,g,24.9,g,1950,-1,0,ng/g-tissue,gavage,liver,Female,DTXSID8031863,Lau_RawData
mouse,8010,1,CD-1,1,mg/kg,7,day,27.1,g,24.4,g,1270,-1,0,ng/g-tissue,gavage,liver,Female,DTXSID8031863,Lau_RawData
mouse,8023,1,CD-1,1,mg/kg,11,day,27.5,g,26.1,g,1900,-1,0,ng/g-tissue,gavage,liver,Female,DTXSID8031863,Lau_RawData
mouse,8024,1,CD-1,1,mg/kg,11,day,27.8,g,25.5,g,1780,-1,0,ng/g-tissue,gavage,liver,Female,DTXSID8031863,Lau_RawData
mouse,8025,1,CD-1,1,mg/kg,11,day,28.4,g,24.2,g,1880,-1,0,ng/g-tissue,gavage,liver,Female,DTXSID8031863,Lau_RawData
mouse,8026,1,CD-1,1,mg/kg,11,day,27.5,g,25.6,g,2015,-1,0,ng/g-tissue,gavage,liver,Female,DTXSID8031863,Lau_RawData
mouse,8039,1,CD-1,1,mg/kg,16,day,29.7,g,26.3,g,2025,-1,0,ng/g-tissue,gavage,liver,Female,DTXSID8031863,Lau_RawData
mouse,8040,1,CD-1,1,mg/kg,16,day,25,g,24.7,g,1880,-1,0,ng/g-tissue,gavage,liver,Female,DTXSID8031863,Lau_RawData
mouse,8041,1,CD-1,1,mg/kg,16,day,29.3,g,25.9,g,1850,-1,0,ng/g-tissue,gavage,liver,Female,DTXSID8031863,Lau_RawData
mouse,8042,1,CD-1,1,mg/kg,16,day,31.1,g,27.2,g,1740,-1,0,ng/g-tissue,gavage,liver,Female,DTXSID8031863,Lau_RawData
mouse,8055,1,CD-1,1,mg/kg,21,day,31.1,g,26.5,g,1530,-1,0,ng/g-tissue,gavage,liver,Female,DTXSID8031863,Lau_RawData
mouse,8056,1,CD-1,1,mg/kg,21,day,28.9,g,25.4,g,1560,-1,0,ng/g-tissue,gavage,liver,Female,DTXSID8031863,Lau_RawData
mouse,8057,1,CD-1,1,mg/kg,21,day,34.1,g,26.4,g,1260,-1,0,ng/g-tissue,gavage,liver,Female,DTXSID8031863,Lau_RawData
mouse,8058,1,CD-1,1,mg/kg,21,day,31.8,g,26.8,g,1390,-1,0,ng/g-tissue,gavage,liver,Female,DTXSID8031863,Lau_RawData
mouse,8071,1,CD-1,1,mg/kg,28,day,31.9,g,27.1,g,1080,-1,0,ng/g-tissue,gavage,liver,Female,DTXSID8031863,Lau_RawData
mouse,8072,1,CD-1,1,mg/kg,28,day,29.9,g,26.1,g,1200,-1,0,ng/g-tissue,gavage,liver,Female,DTXSID8031863,Lau_RawData
mouse,8073,1,CD-1,1,mg/kg,28,day,37,g,27.4,g,1010,-1,0,ng/g-tissue,gavage,liver,Female,DTXSID8031863,Lau_RawData
mouse,8074,1,CD-1,1,mg/kg,28,day,29.4,g,24.8,g,1510,-1,0,ng/g-tissue,gavage,liver,Female,DTXSID8031863,Lau_RawData
mouse,8087,1,CD-1,1,mg/kg,35,day,31.4,g,25.6,g,1040,-1,0,ng/g-tissue,gavage,liver,Female,DTXSID8031863,Lau_RawData
mouse,8088,1,CD-1,1,mg/kg,35,day,31.7,g,24.2,g,817,-1,0,ng/g-tissue,gavage,liver,Female,DTXSID8031863,Lau_RawData
mouse,8089,1,CD-1,1,mg/kg,35,day,32.8,g,26.1,g,1340,-1,0,ng/g-tissue,gavage,liver,Female,DTXSID8031863,Lau_RawData
mouse,8090,1,CD-1,1,mg/kg,35,day,35,g,27.8,g,1000,-1,0,ng/g-tissue,gavage,liver,Female,DTXSID8031863,Lau_RawData
mouse,8103,1,CD-1,1,mg/kg,42,day,40.1,g,28.2,g,794,-1,0,ng/g-tissue,gavage,liver,Female,DTXSID8031863,Lau_RawData
mouse,8104,1,CD-1,1,mg/kg,42,day,34.7,g,26,g,935,-1,0,ng/g-tissue,gavage,liver,Female,DTXSID8031863,Lau_RawData
mouse,8105,1,CD-1,1,mg/kg,42,day,34.5,g,28.3,g,1220,-1,0,ng/g-tissue,gavage,liver,Female,DTXSID8031863,Lau_RawData
mouse,8106,1,CD-1,1,mg/kg,42,day,35,g,28,g,1030,-1,0,ng/g-tissue,gavage,liver,Female,DTXSID8031863,Lau_RawData
mouse,8119,1,CD-1,1,mg/kg,50,day,35.4,g,25.6,g,833,-1,0,ng/g-tissue,gavage,liver,Female,DTXSID8031863,Lau_RawData
mouse,8120,1,CD-1,1,mg/kg,50,day,39.8,g,25.1,g,556,-1,0,ng/g-tissue,gavage,liver,Female,DTXSID8031863,Lau_RawData
mouse,8121,1,CD-1,1,mg/kg,50,day,29.5,g,25.6,g,814,-1,0,ng/g-tissue,gavage,liver,Female,DTXSID8031863,Lau_RawData
mouse,8122,1,CD-1,1,mg/kg,50,day,34.2,g,28.2,g,600,-1,0,ng/g-tissue,gavage,liver,Female,DTXSID8031863,Lau_RawData
mouse,7983,1,CD-1,10,mg/kg,1,day,24,g,27.6,g,11900,-1,0,ng/g-tissue,gavage,liver,Female,DTXSID8031863,Lau_RawData
mouse,7984,1,CD-1,10,mg/kg,1,day,23.8,g,26.8,g,19900,-1,0,ng/g-tissue,gavage,liver,Female,DTXSID8031863,Lau_RawData
mouse,7985,1,CD-1,10,mg/kg,1,day,27.3,g,26.8,g,19500,-1,0,ng/g-tissue,gavage,liver,Female,DTXSID8031863,Lau_RawData
mouse,7986,1,CD-1,10,mg/kg,1,day,26.2,g,25.4,g,16800,-1,0,ng/g-tissue,gavage,liver,Female,DTXSID8031863,Lau_RawData
mouse,7999,1,CD-1,10,mg/kg,4,day,29.1,g,29.3,g,19700,-1,0,ng/g-tissue,gavage,liver,Female,DTXSID8031863,Lau_RawData
mouse,8000,1,CD-1,10,mg/kg,4,day,26.2,g,25.3,g,14700,-1,0,ng/g-tissue,gavage,liver,Female,DTXSID8031863,Lau_RawData
mouse,8001,1,CD-1,10,mg/kg,4,day,27,g,26.5,g,15500,-1,0,ng/g-tissue,gavage,liver,Female,DTXSID8031863,Lau_RawData
mouse,8002,1,CD-1,10,mg/kg,4,day,26.7,g,26.3,g,18100,-1,0,ng/g-tissue,gavage,liver,Female,DTXSID8031863,Lau_RawData
mouse,8015,1,CD-1,10,mg/kg,7,day,26.3,g,25.4,g,16400,-1,0,ng/g-tissue,gavage,liver,Female,DTXSID8031863,Lau_RawData
mouse,8016,1,CD-1,10,mg/kg,7,day,28.2,g,26,g,18900,-1,0,ng/g-tissue,gavage,liver,Female,DTXSID8031863,Lau_RawData
mouse,8017,1,CD-1,10,mg/kg,7,day,29,g,25.9,g,15500,-1,0,ng/g-tissue,gavage,liver,Female,DTXSID8031863,Lau_RawData
mouse,8018,1,CD-1,10,mg/kg,7,day,29.1,g,26.8,g,16750,-1,0,ng/g-tissue,gavage,liver,Female,DTXSID8031863,Lau_RawData
mouse,8031,1,CD-1,10,mg/kg,11,day,30,g,25.5,g,16500,-1,0,ng/g-tissue,gavage,liver,Female,DTXSID8031863,Lau_RawData
mouse,8032,1,CD-1,10,mg/kg,11,day,28.3,g,27.5,g,17000,-1,0,ng/g-tissue,gavage,liver,Female,DTXSID8031863,Lau_RawData
mouse,8033,1,CD-1,10,mg/kg,11,day,31.3,g,24.9,g,15800,-1,0,ng/g-tissue,gavage,liver,Female,DTXSID8031863,Lau_RawData
mouse,8034,1,CD-1,10,mg/kg,11,day,28,g,27.2,g,18800,-1,0,ng/g-tissue,gavage,liver,Female,DTXSID8031863,Lau_RawData
mouse,8047,1,CD-1,10,mg/kg,16,day,28.4,g,25.3,g,15300,-1,0,ng/g-tissue,gavage,liver,Female,DTXSID8031863,Lau_RawData
mouse,8048,1,CD-1,10,mg/kg,16,day,27,g,27.2,g,19400,-1,0,ng/g-tissue,gavage,liver,Female,DTXSID8031863,Lau_RawData
mouse,8049,1,CD-1,10,mg/kg,16,day,30,g,27.8,g,16700,-1,0,ng/g-tissue,gavage,liver,Female,DTXSID8031863,Lau_RawData
mouse,8050,1,CD-1,10,mg/kg,16,day,30.5,g,25.9,g,14500,-1,0,ng/g-tissue,gavage,liver,Female,DTXSID8031863,Lau_RawData
mouse,8063,1,CD-1,10,mg/kg,21,day,30.9,g,28.5,g,15200,-1,0,ng/g-tissue,gavage,liver,Female,DTXSID8031863,Lau_RawData
mouse,8064,1,CD-1,10,mg/kg,21,day,29.3,g,26.3,g,15400,-1,0,ng/g-tissue,gavage,liver,Female,DTXSID8031863,Lau_RawData
mouse,8065,1,CD-1,10,mg/kg,21,day,28.4,g,26.1,g,15400,-1,0,ng/g-tissue,gavage,liver,Female,DTXSID8031863,Lau_RawData
mouse,8066,1,CD-1,10,mg/kg,21,day,31.1,g,28.5,g,14800,-1,0,ng/g-tissue,gavage,liver,Female,DTXSID8031863,Lau_RawData
mouse,8079,1,CD-1,10,mg/kg,28,day,32.7,g,25.8,g,11700,-1,0,ng/g-tissue,gavage,liver,Female,DTXSID8031863,Lau_RawData
mouse,8080,1,CD-1,10,mg/kg,28,day,28.5,g,25.1,g,12100,-1,0,ng/g-tissue,gavage,liver,Female,DTXSID8031863,Lau_RawData
mouse,8081,1,CD-1,10,mg/kg,28,day,33.5,g,25.8,g,12300,-1,0,ng/g-tissue,gavage,liver,Female,DTXSID8031863,Lau_RawData
mouse,8082,1,CD-1,10,mg/kg,28,day,32.8,g,25.8,g,12400,-1,0,ng/g-tissue,gavage,liver,Female,DTXSID8031863,Lau_RawData
mouse,8095,1,CD-1,10,mg/kg,35,day,32.6,g,27.1,g,13400,-1,0,ng/g-tissue,gavage,liver,Female,DTXSID8031863,Lau_RawData
mouse,8096,1,CD-1,10,mg/kg,35,day,33,g,25.8,g,10600,-1,0,ng/g-tissue,gavage,liver,Female,DTXSID8031863,Lau_RawData
mouse,8097,1,CD-1,10,mg/kg,35,day,37,g,26.8,g,10200,-1,0,ng/g-tissue,gavage,liver,Female,DTXSID8031863,Lau_RawData
mouse,8098,1,CD-1,10,mg/kg,35,day,38.8,g,26.1,g,7475,-1,0,ng/g-tissue,gavage,liver,Female,DTXSID8031863,Lau_RawData
mouse,8111,1,CD-1,10,mg/kg,42,day,31.9,g,26.1,g,10800,-1,0,ng/g-tissue,gavage,liver,Female,DTXSID8031863,Lau_RawData
mouse,8112,1,CD-1,10,mg/kg,42,day,31.8,g,26.7,g,12400,-1,0,ng/g-tissue,gavage,liver,Female,DTXSID8031863,Lau_RawData
mouse,8113,1,CD-1,10,mg/kg,42,day,37.1,g,25.8,g,8810,-1,0,ng/g-tissue,gavage,liver,Female,DTXSID8031863,Lau_RawData
mouse,8114,1,CD-1,10,mg/kg,42,day,33.5,g,27.8,g,12900,-1,0,ng/g-tissue,gavage,liver,Female,DTXSID8031863,Lau_RawData
mouse,8127,1,CD-1,10,mg/kg,50,day,42.2,g,26.9,g,5020,-1,0,ng/g-tissue,gavage,liver,Female,DTXSID8031863,Lau_RawData
mouse,8128,1,CD-1,10,mg/kg,50,day,33.6,g,27,g,12150,-1,0,ng/g-tissue,gavage,liver,Female,DTXSID8031863,Lau_RawData
mouse,8129,1,CD-1,10,mg/kg,50,day,31.5,g,25.7,g,10200,-1,0,ng/g-tissue,gavage,liver,Female,DTXSID8031863,Lau_RawData
mouse,8130,1,CD-1,10,mg/kg,50,day,34.6,g,26.5,g,7800,-1,0,ng/g-tissue,gavage,liver,Female,DTXSID8031863,Lau_RawData
mouse,7971,1,CD-1,1,mg/kg,1,day,34.8,g,34.3,g,55.9,-1,0,ng/g-tissue,gavage,kidney,Male,DTXSID8031863,Lau_RawData
mouse,7972,1,CD-1,1,mg/kg,1,day,33,g,32.2,g,65.5,-1,0,ng/g-tissue,gavage,kidney,Male,DTXSID8031863,Lau_RawData
mouse,7973,1,CD-1,1,mg/kg,1,day,34.6,g,34.4,g,51.5,-1,0,ng/g-tissue,gavage,kidney,Male,DTXSID8031863,Lau_RawData
mouse,7974,1,CD-1,1,mg/kg,1,day,34.2,g,33.4,g,62,-1,0,ng/g-tissue,gavage,kidney,Male,DTXSID8031863,Lau_RawData
mouse,7987,1,CD-1,1,mg/kg,4,day,38.5,g,36.7,g,73.4,-1,0,ng/g-tissue,gavage,kidney,Male,DTXSID8031863,Lau_RawData
mouse,7988,1,CD-1,1,mg/kg,4,day,35.8,g,34.5,g,59.8,-1,0,ng/g-tissue,gavage,kidney,Male,DTXSID8031863,Lau_RawData
mouse,7989,1,CD-1,1,mg/kg,4,day,31.8,g,30.9,g,49.3,-1,0,ng/g-tissue,gavage,kidney,Male,DTXSID8031863,Lau_RawData
mouse,7990,1,CD-1,1,mg/kg,4,day,34.9,g,33.7,g,48.7,-1,0,ng/g-tissue,gavage,kidney,Male,DTXSID8031863,Lau_RawData
mouse,8003,1,CD-1,1,mg/kg,7,day,38.9,g,35.7,g,69.7,-1,0,ng/g-tissue,gavage,kidney,Male,DTXSID8031863,Lau_RawData
mouse,8004,1,CD-1,1,mg/kg,7,day,38.4,g,35.5,g,49.8,-1,0,ng/g-tissue,gavage,kidney,Male,DTXSID8031863,Lau_RawData
mouse,8005,1,CD-1,1,mg/kg,7,day,37,g,33.2,g,48.2,-1,0,ng/g-tissue,gavage,kidney,Male,DTXSID8031863,Lau_RawData
mouse,8006,1,CD-1,1,mg/kg,7,day,37.1,g,33.6,g,54.4,-1,0,ng/g-tissue,gavage,kidney,Male,DTXSID8031863,Lau_RawData
mouse,8019,1,CD-1,1,mg/kg,11,day,35.9,g,33.2,g,62.8,-1,0,ng/g-tissue,gavage,kidney,Male,DTXSID8031863,Lau_RawData
mouse,8020,1,CD-1,1,mg/kg,11,day,31.8,g,29.3,g,43,-1,0,ng/g-tissue,gavage,kidney,Male,DTXSID8031863,Lau_RawData
mouse,8021,1,CD-1,1,mg/kg,11,day,41.3,g,36.6,g,40.5,-1,0,ng/g-tissue,gavage,kidney,Male,DTXSID8031863,Lau_RawData
mouse,8022,1,CD-1,1,mg/kg,11,day,37,g,32.7,g,49.5,-1,0,ng/g-tissue,gavage,kidney,Male,DTXSID8031863,Lau_RawData
mouse,8035,1,CD-1,1,mg/kg,16,day,38,g,33.8,g,41.9,-1,0,ng/g-tissue,gavage,kidney,Male,DTXSID8031863,Lau_RawData
mouse,8036,1,CD-1,1,mg/kg,16,day,39.7,g,33.5,g,53.6,-1,0,ng/g-tissue,gavage,kidney,Male,DTXSID8031863,Lau_RawData
mouse,8037,1,CD-1,1,mg/kg,16,day,38.2,g,34.3,g,42.4,-1,0,ng/g-tissue,gavage,kidney,Male,DTXSID8031863,Lau_RawData
mouse,8038,1,CD-1,1,mg/kg,16,day,40.7,g,34.3,g,47.9,-1,0,ng/g-tissue,gavage,kidney,Male,DTXSID8031863,Lau_RawData
mouse,8051,1,CD-1,1,mg/kg,21,day,36.2,g,31.5,g,44.4,-1,0,ng/g-tissue,gavage,kidney,Male,DTXSID8031863,Lau_RawData
mouse,8052,1,CD-1,1,mg/kg,21,day,43.4,g,34,g,30.5,-1,0,ng/g-tissue,gavage,kidney,Male,DTXSID8031863,Lau_RawData
mouse,8053,1,CD-1,1,mg/kg,21,day,41.9,g,36,g,51.4,-1,0,ng/g-tissue,gavage,kidney,Male,DTXSID8031863,Lau_RawData
mouse,8054,1,CD-1,1,mg/kg,21,day,43.5,g,35.2,g,33.3,-1,0,ng/g-tissue,gavage,kidney,Male,DTXSID8031863,Lau_RawData
mouse,8067,1,CD-1,1,mg/kg,28,day,43.8,g,34.2,g,22.9,-1,0,ng/g-tissue,gavage,kidney,Male,DTXSID8031863,Lau_RawData
mouse,8068,1,CD-1,1,mg/kg,28,day,42,g,33.7,g,27.2,-1,0,ng/g-tissue,gavage,kidney,Male,DTXSID8031863,Lau_RawData
mouse,8069,1,CD-1,1,mg/kg,28,day,40.5,g,33.3,g,44,-1,0,ng/g-tissue,gavage,kidney,Male,DTXSID8031863,Lau_RawData
mouse,8070,1,CD-1,1,mg/kg,28,day,47.5,g,35.2,g,33.9,-1,0,ng/g-tissue,gavage,kidney,Male,DTXSID8031863,Lau_RawData
mouse,8083,1,CD-1,1,mg/kg,35,day,44,g,34.2,g,50.5,-1,0,ng/g-tissue,gavage,kidney,Male,DTXSID8031863,Lau_RawData
mouse,8084,1,CD-1,1,mg/kg,35,day,50,g,35.3,g,38.1,-1,0,ng/g-tissue,gavage,kidney,Male,DTXSID8031863,Lau_RawData
mouse,8085,1,CD-1,1,mg/kg,35,day,42.7,g,32.4,g,52.2,-1,0,ng/g-tissue,gavage,kidney,Male,DTXSID8031863,Lau_RawData
mouse,8086,1,CD-1,1,mg/kg,35,day,44.5,g,34.9,g,44.1,-1,0,ng/g-tissue,gavage,kidney,Male,DTXSID8031863,Lau_RawData
mouse,8099,1,CD-1,1,mg/kg,42,day,53.5,g,35.9,g,44.9,-1,0,ng/g-tissue,gavage,kidney,Male,DTXSID8031863,Lau_RawData
mouse,8100,1,CD-1,1,mg/kg,42,day,48,g,35.5,g,39.8,-1,0,ng/g-tissue,gavage,kidney,Male,DTXSID8031863,Lau_RawData
mouse,8101,1,CD-1,1,mg/kg,42,day,48.6,g,33.4,g,38.6,-1,0,ng/g-tissue,gavage,kidney,Male,DTXSID8031863,Lau_RawData
mouse,8102,1,CD-1,1,mg/kg,42,day,48.5,g,35.2,g,39.7,-1,0,ng/g-tissue,gavage,kidney,Male,DTXSID8031863,Lau_RawData
mouse,8115,1,CD-1,1,mg/kg,50,day,44.5,g,34.2,g,51.7,-1,0,ng/g-tissue,gavage,kidney,Male,DTXSID8031863,Lau_RawData
mouse,8116,1,CD-1,1,mg/kg,50,day,53,g,34.8,g,31.9,-1,0,ng/g-tissue,gavage,kidney,Male,DTXSID8031863,Lau_RawData
mouse,8117,1,CD-1,1,mg/kg,50,day,51,g,32.9,g,31.7,-1,0,ng/g-tissue,gavage,kidney,Male,DTXSID8031863,Lau_RawData
mouse,8118,1,CD-1,1,mg/kg,50,day,49,g,33.7,g,39.8,-1,0,ng/g-tissue,gavage,kidney,Male,DTXSID8031863,Lau_RawData
mouse,7979,1,CD-1,10,mg/kg,1,day,29.4,g,33.3,g,834,-1,0,ng/g-tissue,gavage,kidney,Male,DTXSID8031863,Lau_RawData
mouse,7980,1,CD-1,10,mg/kg,1,day,33.1,g,33.1,g,596.5,-1,0,ng/g-tissue,gavage,kidney,Male,DTXSID8031863,Lau_RawData
mouse,7981,1,CD-1,10,mg/kg,1,day,35.3,g,35.3,g,648,-1,0,ng/g-tissue,gavage,kidney,Male,DTXSID8031863,Lau_RawData
mouse,7982,1,CD-1,10,mg/kg,1,day,33.4,g,32.9,g,708,-1,0,ng/g-tissue,gavage,kidney,Male,DTXSID8031863,Lau_RawData
mouse,7995,1,CD-1,10,mg/kg,4,day,37.9,g,36.1,g,394,-1,0,ng/g-tissue,gavage,kidney,Male,DTXSID8031863,Lau_RawData
mouse,7996,1,CD-1,10,mg/kg,4,day,35.2,g,32.9,g,334,-1,0,ng/g-tissue,gavage,kidney,Male,DTXSID8031863,Lau_RawData
mouse,7997,1,CD-1,10,mg/kg,4,day,37.8,g,36.2,g,494,-1,0,ng/g-tissue,gavage,kidney,Male,DTXSID8031863,Lau_RawData
mouse,7998,1,CD-1,10,mg/kg,4,day,37.3,g,36,g,471,-1,0,ng/g-tissue,gavage,kidney,Male,DTXSID8031863,Lau_RawData
mouse,8011,1,CD-1,10,mg/kg,7,day,37.8,g,33.5,g,319,-1,0,ng/g-tissue,gavage,kidney,Male,DTXSID8031863,Lau_RawData
mouse,8012,1,CD-1,10,mg/kg,7,day,38,g,34.8,g,313,-1,0,ng/g-tissue,gavage,kidney,Male,DTXSID8031863,Lau_RawData
mouse,8013,1,CD-1,10,mg/kg,7,day,41.2,g,36.6,g,318,-1,0,ng/g-tissue,gavage,kidney,Male,DTXSID8031863,Lau_RawData
mouse,8014,1,CD-1,10,mg/kg,7,day,36.2,g,31.9,g,340,-1,0,ng/g-tissue,gavage,kidney,Male,DTXSID8031863,Lau_RawData
mouse,8027,1,CD-1,10,mg/kg,11,day,35.9,g,31.7,g,337,-1,0,ng/g-tissue,gavage,kidney,Male,DTXSID8031863,Lau_RawData
mouse,8028,1,CD-1,10,mg/kg,11,day,38.8,g,35.9,g,281,-1,0,ng/g-tissue,gavage,kidney,Male,DTXSID8031863,Lau_RawData
mouse,8029,1,CD-1,10,mg/kg,11,day,35.9,g,32.1,g,302,-1,0,ng/g-tissue,gavage,kidney,Male,DTXSID8031863,Lau_RawData
mouse,8030,1,CD-1,10,mg/kg,11,day,36.5,g,31.7,g,354.5,-1,0,ng/g-tissue,gavage,kidney,Male,DTXSID8031863,Lau_RawData
mouse,8043,1,CD-1,10,mg/kg,16,day,41.6,g,35.8,g,279,-1,0,ng/g-tissue,gavage,kidney,Male,DTXSID8031863,Lau_RawData
mouse,8044,1,CD-1,10,mg/kg,16,day,41.4,g,35.1,g,333,-1,0,ng/g-tissue,gavage,kidney,Male,DTXSID8031863,Lau_RawData
mouse,8045,1,CD-1,10,mg/kg,16,day,36.3,g,31.9,g,292,-1,0,ng/g-tissue,gavage,kidney,Male,DTXSID8031863,Lau_RawData
mouse,8046,1,CD-1,10,mg/kg,16,day,39,g,33.3,g,241,-1,0,ng/g-tissue,gavage,kidney,Male,DTXSID8031863,Lau_RawData
mouse,8059,1,CD-1,10,mg/kg,21,day,37,g,32,g,312.5,-1,0,ng/g-tissue,gavage,kidney,Male,DTXSID8031863,Lau_RawData
mouse,8060,1,CD-1,10,mg/kg,21,day,39.3,g,32.7,g,304,-1,0,ng/g-tissue,gavage,kidney,Male,DTXSID8031863,Lau_RawData
mouse,8061,1,CD-1,10,mg/kg,21,day,36.7,g,31.8,g,416,-1,0,ng/g-tissue,gavage,kidney,Male,DTXSID8031863,Lau_RawData
mouse,8062,1,CD-1,10,mg/kg,21,day,37.5,g,32.9,g,328,-1,0,ng/g-tissue,gavage,kidney,Male,DTXSID8031863,Lau_RawData
mouse,8075,1,CD-1,10,mg/kg,28,day,39.6,g,33.1,g,229,-1,0,ng/g-tissue,gavage,kidney,Male,DTXSID8031863,Lau_RawData
mouse,8076,1,CD-1,10,mg/kg,28,day,47,g,36.3,g,234,-1,0,ng/g-tissue,gavage,kidney,Male,DTXSID8031863,Lau_RawData
mouse,8077,1,CD-1,10,mg/kg,28,day,43.6,g,36.2,g,300,-1,0,ng/g-tissue,gavage,kidney,Male,DTXSID8031863,Lau_RawData
mouse,8078,1,CD-1,10,mg/kg,28,day,39.6,g,32.6,g,254,-1,0,ng/g-tissue,gavage,kidney,Male,DTXSID8031863,Lau_RawData
mouse,8091,1,CD-1,10,mg/kg,35,day,42.3,g,32.5,g,305,-1,0,ng/g-tissue,gavage,kidney,Male,DTXSID8031863,Lau_RawData
mouse,8092,1,CD-1,10,mg/kg,35,day,51.7,g,34.6,g,277,-1,0,ng/g-tissue,gavage,kidney,Male,DTXSID8031863,Lau_RawData
mouse,8093,1,CD-1,10,mg/kg,35,day,40.5,g,32.8,g,363,-1,0,ng/g-tissue,gavage,kidney,Male,DTXSID8031863,Lau_RawData
mouse,8094,1,CD-1,10,mg/kg,35,day,46.8,g,33.3,g,264,-1,0,ng/g-tissue,gavage,kidney,Male,DTXSID8031863,Lau_RawData
mouse,8107,1,CD-1,10,mg/kg,42,day,44.7,g,32.8,g,337,-1,0,ng/g-tissue,gavage,kidney,Male,DTXSID8031863,Lau_RawData
mouse,8108,1,CD-1,10,mg/kg,42,day,47.2,g,34.8,g,252,-1,0,ng/g-tissue,gavage,kidney,Male,DTXSID8031863,Lau_RawData
mouse,8109,1,CD-1,10,mg/kg,42,day,44.8,g,34.3,g,294,-1,0,ng/g-tissue,gavage,kidney,Male,DTXSID8031863,Lau_RawData
mouse,8110,1,CD-1,10,mg/kg,42,day,48.1,g,33.3,g,350,-1,0,ng/g-tissue,gavage,kidney,Male,DTXSID8031863,Lau_RawData
mouse,8123,1,CD-1,10,mg/kg,50,day,43.6,g,34.2,g,313,-1,0,ng/g-tissue,gavage,kidney,Male,DTXSID8031863,Lau_RawData
mouse,8124,1,CD-1,10,mg/kg,50,day,47.4,g,34.6,g,282,-1,0,ng/g-tissue,gavage,kidney,Male,DTXSID8031863,Lau_RawData
mouse,8125,1,CD-1,10,mg/kg,50,day,54.4,g,35.6,g,230.5,-1,0,ng/g-tissue,gavage,kidney,Male,DTXSID8031863,Lau_RawData
mouse,8126,1,CD-1,10,mg/kg,50,day,52.1,g,34.6,g,289.5,-1,0,ng/g-tissue,gavage,kidney,Male,DTXSID8031863,Lau_RawData
mouse,7975,1,CD-1,1,mg/kg,1,day,21,g,25,g,179,-1,0,ng/g-tissue,gavage,kidney,Female,DTXSID8031863,Lau_RawData
mouse,7976,1,CD-1,1,mg/kg,1,day,24.5,g,24.9,g,141,-1,0,ng/g-tissue,gavage,kidney,Female,DTXSID8031863,Lau_RawData
mouse,7977,1,CD-1,1,mg/kg,1,day,21.2,g,24.9,g,179,-1,0,ng/g-tissue,gavage,kidney,Female,DTXSID8031863,Lau_RawData
mouse,7978,1,CD-1,1,mg/kg,1,day,28.3,g,28.1,g,164,-1,0,ng/g-tissue,gavage,kidney,Female,DTXSID8031863,Lau_RawData
mouse,7991,1,CD-1,1,mg/kg,4,day,27.1,g,26.4,g,121,-1,0,ng/g-tissue,gavage,kidney,Female,DTXSID8031863,Lau_RawData
mouse,7992,1,CD-1,1,mg/kg,4,day,26.7,g,26.4,g,117,-1,0,ng/g-tissue,gavage,kidney,Female,DTXSID8031863,Lau_RawData
mouse,7993,1,CD-1,1,mg/kg,4,day,26,g,25.4,g,117,-1,0,ng/g-tissue,gavage,kidney,Female,DTXSID8031863,Lau_RawData
mouse,7994,1,CD-1,1,mg/kg,4,day,27.7,g,24.9,g,103,-1,0,ng/g-tissue,gavage,kidney,Female,DTXSID8031863,Lau_RawData
mouse,8007,1,CD-1,1,mg/kg,7,day,29.6,g,27.4,g,156,-1,0,ng/g-tissue,gavage,kidney,Female,DTXSID8031863,Lau_RawData
mouse,8008,1,CD-1,1,mg/kg,7,day,27.3,g,25.8,g,99.9,-1,0,ng/g-tissue,gavage,kidney,Female,DTXSID8031863,Lau_RawData
mouse,8009,1,CD-1,1,mg/kg,7,day,25.9,g,24.9,g,99.1,-1,0,ng/g-tissue,gavage,kidney,Female,DTXSID8031863,Lau_RawData
mouse,8010,1,CD-1,1,mg/kg,7,day,27.1,g,24.4,g,96,-1,0,ng/g-tissue,gavage,kidney,Female,DTXSID8031863,Lau_RawData
mouse,8023,1,CD-1,1,mg/kg,11,day,27.5,g,26.1,g,91.5,-1,0,ng/g-tissue,gavage,kidney,Female,DTXSID8031863,Lau_RawData
mouse,8024,1,CD-1,1,mg/kg,11,day,27.8,g,25.5,g,119,-1,0,ng/g-tissue,gavage,kidney,Female,DTXSID8031863,Lau_RawData
mouse,8025,1,CD-1,1,mg/kg,11,day,28.4,g,24.2,g,103,-1,0,ng/g-tissue,gavage,kidney,Female,DTXSID8031863,Lau_RawData
mouse,8026,1,CD-1,1,mg/kg,11,day,27.5,g,25.6,g,109,-1,0,ng/g-tissue,gavage,kidney,Female,DTXSID8031863,Lau_RawData
mouse,8039,1,CD-1,1,mg/kg,16,day,29.7,g,26.3,g,92.1,-1,0,ng/g-tissue,gavage,kidney,Female,DTXSID8031863,Lau_RawData
mouse,8040,1,CD-1,1,mg/kg,16,day,25,g,24.7,g,176,-1,0,ng/g-tissue,gavage,kidney,Female,DTXSID8031863,Lau_RawData
mouse,8041,1,CD-1,1,mg/kg,16,day,29.3,g,25.9,g,125,-1,0,ng/g-tissue,gavage,kidney,Female,DTXSID8031863,Lau_RawData
mouse,8042,1,CD-1,1,mg/kg,16,day,31.1,g,27.2,g,95,-1,0,ng/g-tissue,gavage,kidney,Female,DTXSID8031863,Lau_RawData
mouse,8055,1,CD-1,1,mg/kg,21,day,31.1,g,26.5,g,125,-1,0,ng/g-tissue,gavage,kidney,Female,DTXSID8031863,Lau_RawData
mouse,8056,1,CD-1,1,mg/kg,21,day,28.9,g,25.4,g,86.2,-1,0,ng/g-tissue,gavage,kidney,Female,DTXSID8031863,Lau_RawData
mouse,8057,1,CD-1,1,mg/kg,21,day,34.1,g,26.4,g,71.6,-1,0,ng/g-tissue,gavage,kidney,Female,DTXSID8031863,Lau_RawData
mouse,8058,1,CD-1,1,mg/kg,21,day,31.8,g,26.8,g,95.1,-1,0,ng/g-tissue,gavage,kidney,Female,DTXSID8031863,Lau_RawData
mouse,8071,1,CD-1,1,mg/kg,28,day,31.9,g,27.1,g,96.8,-1,0,ng/g-tissue,gavage,kidney,Female,DTXSID8031863,Lau_RawData
mouse,8072,1,CD-1,1,mg/kg,28,day,29.9,g,26.1,g,94.1,-1,0,ng/g-tissue,gavage,kidney,Female,DTXSID8031863,Lau_RawData
mouse,8073,1,CD-1,1,mg/kg,28,day,37,g,27.4,g,81,-1,0,ng/g-tissue,gavage,kidney,Female,DTXSID8031863,Lau_RawData
mouse,8074,1,CD-1,1,mg/kg,28,day,29.4,g,24.8,g,98.4,-1,0,ng/g-tissue,gavage,kidney,Female,DTXSID8031863,Lau_RawData
mouse,8087,1,CD-1,1,mg/kg,35,day,31.4,g,25.6,g,77.6,-1,0,ng/g-tissue,gavage,kidney,Female,DTXSID8031863,Lau_RawData
mouse,8088,1,CD-1,1,mg/kg,35,day,31.7,g,24.2,g,82.7,-1,0,ng/g-tissue,gavage,kidney,Female,DTXSID8031863,Lau_RawData
mouse,8089,1,CD-1,1,mg/kg,35,day,32.8,g,26.1,g,87.2,-1,0,ng/g-tissue,gavage,kidney,Female,DTXSID8031863,Lau_RawData
mouse,8090,1,CD-1,1,mg/kg,35,day,35,g,27.8,g,92.1,-1,0,ng/g-tissue,gavage,kidney,Female,DTXSID8031863,Lau_RawData
mouse,8103,1,CD-1,1,mg/kg,42,day,40.1,g,28.2,g,84.3,-1,0,ng/g-tissue,gavage,kidney,Female,DTXSID8031863,Lau_RawData
mouse,8104,1,CD-1,1,mg/kg,42,day,34.7,g,26,g,67.7,-1,0,ng/g-tissue,gavage,kidney,Female,DTXSID8031863,Lau_RawData
mouse,8105,1,CD-1,1,mg/kg,42,day,34.5,g,28.3,g,98.4,-1,0,ng/g-tissue,gavage,kidney,Female,DTXSID8031863,Lau_RawData
mouse,8106,1,CD-1,1,mg/kg,42,day,35,g,28,g,67,-1,0,ng/g-tissue,gavage,kidney,Female,DTXSID8031863,Lau_RawData
mouse,8119,1,CD-1,1,mg/kg,50,day,35.4,g,25.6,g,61.2,-1,0,ng/g-tissue,gavage,kidney,Female,DTXSID8031863,Lau_RawData
mouse,8120,1,CD-1,1,mg/kg,50,day,39.8,g,25.1,g,44.9,-1,0,ng/g-tissue,gavage,kidney,Female,DTXSID8031863,Lau_RawData
mouse,8121,1,CD-1,1,mg/kg,50,day,29.5,g,25.6,g,70.3,-1,0,ng/g-tissue,gavage,kidney,Female,DTXSID8031863,Lau_RawData
mouse,8122,1,CD-1,1,mg/kg,50,day,34.2,g,28.2,g,54.8,-1,0,ng/g-tissue,gavage,kidney,Female,DTXSID8031863,Lau_RawData
mouse,7983,1,CD-1,10,mg/kg,1,day,24,g,27.6,g,1710,-1,0,ng/g-tissue,gavage,kidney,Female,DTXSID8031863,Lau_RawData
mouse,7984,1,CD-1,10,mg/kg,1,day,23.8,g,26.8,g,1600,-1,0,ng/g-tissue,gavage,kidney,Female,DTXSID8031863,Lau_RawData
mouse,7985,1,CD-1,10,mg/kg,1,day,27.3,g,26.8,g,1390,-1,0,ng/g-tissue,gavage,kidney,Female,DTXSID8031863,Lau_RawData
mouse,7986,1,CD-1,10,mg/kg,1,day,26.2,g,25.4,g,1770,-1,0,ng/g-tissue,gavage,kidney,Female,DTXSID8031863,Lau_RawData
mouse,7999,1,CD-1,10,mg/kg,4,day,29.1,g,29.3,g,761,-1,0,ng/g-tissue,gavage,kidney,Female,DTXSID8031863,Lau_RawData
mouse,8000,1,CD-1,10,mg/kg,4,day,26.2,g,25.3,g,830,-1,0,ng/g-tissue,gavage,kidney,Female,DTXSID8031863,Lau_RawData
mouse,8001,1,CD-1,10,mg/kg,4,day,27,g,26.5,g,822,-1,0,ng/g-tissue,gavage,kidney,Female,DTXSID8031863,Lau_RawData
mouse,8002,1,CD-1,10,mg/kg,4,day,26.7,g,26.3,g,684,-1,0,ng/g-tissue,gavage,kidney,Female,DTXSID8031863,Lau_RawData
mouse,8015,1,CD-1,10,mg/kg,7,day,26.3,g,25.4,g,673,-1,0,ng/g-tissue,gavage,kidney,Female,DTXSID8031863,Lau_RawData
mouse,8016,1,CD-1,10,mg/kg,7,day,28.2,g,26,g,618,-1,0,ng/g-tissue,gavage,kidney,Female,DTXSID8031863,Lau_RawData
mouse,8017,1,CD-1,10,mg/kg,7,day,29,g,25.9,g,795,-1,0,ng/g-tissue,gavage,kidney,Female,DTXSID8031863,Lau_RawData
mouse,8018,1,CD-1,10,mg/kg,7,day,29.1,g,26.8,g,579,-1,0,ng/g-tissue,gavage,kidney,Female,DTXSID8031863,Lau_RawData
mouse,8031,1,CD-1,10,mg/kg,11,day,30,g,25.5,g,667,-1,0,ng/g-tissue,gavage,kidney,Female,DTXSID8031863,Lau_RawData
mouse,8032,1,CD-1,10,mg/kg,11,day,28.3,g,27.5,g,584.5,-1,0,ng/g-tissue,gavage,kidney,Female,DTXSID8031863,Lau_RawData
mouse,8033,1,CD-1,10,mg/kg,11,day,31.3,g,24.9,g,543,-1,0,ng/g-tissue,gavage,kidney,Female,DTXSID8031863,Lau_RawData
mouse,8034,1,CD-1,10,mg/kg,11,day,28,g,27.2,g,743,-1,0,ng/g-tissue,gavage,kidney,Female,DTXSID8031863,Lau_RawData
mouse,8047,1,CD-1,10,mg/kg,16,day,28.4,g,25.3,g,623,-1,0,ng/g-tissue,gavage,kidney,Female,DTXSID8031863,Lau_RawData
mouse,8048,1,CD-1,10,mg/kg,16,day,27,g,27.2,g,677,-1,0,ng/g-tissue,gavage,kidney,Female,DTXSID8031863,Lau_RawData
mouse,8049,1,CD-1,10,mg/kg,16,day,30,g,27.8,g,575.5,-1,0,ng/g-tissue,gavage,kidney,Female,DTXSID8031863,Lau_RawData
mouse,8050,1,CD-1,10,mg/kg,16,day,30.5,g,25.9,g,746,-1,0,ng/g-tissue,gavage,kidney,Female,DTXSID8031863,Lau_RawData
mouse,8063,1,CD-1,10,mg/kg,21,day,30.9,g,28.5,g,693,-1,0,ng/g-tissue,gavage,kidney,Female,DTXSID8031863,Lau_RawData
mouse,8064,1,CD-1,10,mg/kg,21,day,29.3,g,26.3,g,480,-1,0,ng/g-tissue,gavage,kidney,Female,DTXSID8031863,Lau_RawData
mouse,8065,1,CD-1,10,mg/kg,21,day,28.4,g,26.1,g,667.5,-1,0,ng/g-tissue,gavage,kidney,Female,DTXSID8031863,Lau_RawData
mouse,8066,1,CD-1,10,mg/kg,21,day,31.1,g,28.5,g,613,-1,0,ng/g-tissue,gavage,kidney,Female,DTXSID8031863,Lau_RawData
mouse,8079,1,CD-1,10,mg/kg,28,day,32.7,g,25.8,g,661,-1,0,ng/g-tissue,gavage,kidney,Female,DTXSID8031863,Lau_RawData
mouse,8080,1,CD-1,10,mg/kg,28,day,28.5,g,25.1,g,533,-1,0,ng/g-tissue,gavage,kidney,Female,DTXSID8031863,Lau_RawData
mouse,8081,1,CD-1,10,mg/kg,28,day,33.5,g,25.8,g,552,-1,0,ng/g-tissue,gavage,kidney,Female,DTXSID8031863,Lau_RawData
mouse,8082,1,CD-1,10,mg/kg,28,day,32.8,g,25.8,g,515.5,-1,0,ng/g-tissue,gavage,kidney,Female,DTXSID8031863,Lau_RawData
mouse,8095,1,CD-1,10,mg/kg,35,day,32.6,g,27.1,g,656,-1,0,ng/g-tissue,gavage,kidney,Female,DTXSID8031863,Lau_RawData
mouse,8096,1,CD-1,10,mg/kg,35,day,33,g,25.8,g,588,-1,0,ng/g-tissue,gavage,kidney,Female,DTXSID8031863,Lau_RawData
mouse,8097,1,CD-1,10,mg/kg,35,day,37,g,26.8,g,486,-1,0,ng/g-tissue,gavage,kidney,Female,DTXSID8031863,Lau_RawData
mouse,8098,1,CD-1,10,mg/kg,35,day,38.8,g,26.1,g,486,-1,0,ng/g-tissue,gavage,kidney,Female,DTXSID8031863,Lau_RawData
mouse,8111,1,CD-1,10,mg/kg,42,day,31.9,g,26.1,g,499,-1,0,ng/g-tissue,gavage,kidney,Female,DTXSID8031863,Lau_RawData
mouse,8112,1,CD-1,10,mg/kg,42,day,31.8,g,26.7,g,523,-1,0,ng/g-tissue,gavage,kidney,Female,DTXSID8031863,Lau_RawData
mouse,8113,1,CD-1,10,mg/kg,42,day,37.1,g,25.8,g,364,-1,0,ng/g-tissue,gavage,kidney,Female,DTXSID8031863,Lau_RawData
mouse,8114,1,CD-1,10,mg/kg,42,day,33.5,g,27.8,g,610.5,-1,0,ng/g-tissue,gavage,kidney,Female,DTXSID8031863,Lau_RawData
mouse,8127,1,CD-1,10,mg/kg,50,day,42.2,g,26.9,g,300,-1,0,ng/g-tissue,gavage,kidney,Female,DTXSID8031863,Lau_RawData
mouse,8128,1,CD-1,10,mg/kg,50,day,33.6,g,27,g,547,-1,0,ng/g-tissue,gavage,kidney,Female,DTXSID8031863,Lau_RawData
mouse,8129,1,CD-1,10,mg/kg,50,day,31.5,g,25.7,g,468,-1,0,ng/g-tissue,gavage,kidney,Female,DTXSID8031863,Lau_RawData
mouse,8130,1,CD-1,10,mg/kg,50,day,34.6,g,26.5,g,591,-1,0,ng/g-tissue,gavage,kidney,Female,DTXSID8031863,Lau_RawData
